Data da Compra,Hora da Compra,Idade do Comprador,Cidade,Estado,Forma de Pagamento,Produto Comprado,Faturamento (Valor da Venda),Investimento em Tráfego Pago
2024-10-23,09:32:00,54,Belo Horizonte,MG,Boleto,Curso: Investimentos para Iniciantes,97.0,22.6
2024-08-26,05:24:00,28,Brasília,DF,Cartão de Crédito,Curso: Investimentos para Iniciantes,97.0,22.6
2024-11-19,15:29:00,20,Porto Alegre,RS,Pix,Curso: Investimentos para Iniciantes,97.0,22.6
2024-04-03,10:41:00,28,Porto Alegre,RS,Boleto,Curso: Investimentos para Iniciantes,97.0,22.6
2024-09-13,00:17:00,56,Rio de Janeiro,RJ,Boleto,Curso: Investimentos para Iniciantes,97.0,22.6
2024-03-10,18:09:00,43,Brasília,DF,Boleto,Curso: Investimentos para Iniciantes,97.0,22.6
2024-10-02,14:57:00,47,Fortaleza,CE,Pix,Curso: Investimentos para Iniciantes,97.0,22.6
2024-08-18,18:06:00,50,Manaus,AM,Boleto,Curso: Investimentos para Iniciantes,97.0,22.6
2024-04-04,14:07:00,40,Manaus,AM,Boleto,Curso: Investimentos para Iniciantes,97.0,22.6
2024-08-15,22:17:00,33,São Paulo,SP,Cartão de Crédito,Curso: Investimentos para Iniciantes,97.0,22.6
2024-07-11,00:41:00,27,São Paulo,SP,Pix,Curso: Investimentos para Iniciantes,97.0,22.6
2024-01-15,06:27:00,52,Manaus,AM,Pix,Curso: Investimentos para Iniciantes,97.0,22.6
2024-01-12,08:55:00,53,Belo Horizonte,MG,Pix,Curso: Investimentos para Iniciantes,97.0,22.6
2024-07-12,15:47:00,42,São Paulo,SP,Boleto,Curso: Investimentos para Iniciantes,97.0,22.6
2024-12-16,12:15:00,44,Curitiba,PR,Boleto,Curso: Investimentos para Iniciantes,97.0,22.6
2024-10-08,17:18:00,32,Manaus,AM,Pix,Curso: Investimentos para Iniciantes,97.0,22.6
2024-06-09,03:43:00,58,Manaus,AM,Boleto,Curso: Investimentos para Iniciantes,97.0,22.6
2024-08-02,02:51:00,22,Manaus,AM,Pix,Curso: Investimentos para Iniciantes,97.0,22.6
2024-03-04,05:25:00,62,Recife,PE,Boleto,Curso: Investimentos para Iniciantes,97.0,22.6
2024-10-21,13:20:00,22,Rio de Janeiro,RJ,Pix,Curso: Investimentos para Iniciantes,97.0,22.6
2024-07-26,14:03:00,57,Recife,PE,Pix,Curso: Investimentos para Iniciantes,97.0,22.6
2024-03-05,14:50:00,32,Belo Horizonte,MG,Pix,Curso: Investimentos para Iniciantes,97.0,22.6
2024-12-03,05:19:00,31,Manaus,AM,Cartão de Crédito,Curso: Investimentos para Iniciantes,97.0,22.6
2024-12-10,01:32:00,59,Recife,PE,Pix,Curso: Investimentos para Iniciantes,97.0,22.6
2024-08-21,23:47:00,54,Recife,PE,Cartão de Crédito,Curso: Investimentos para Iniciantes,97.0,22.6
2024-01-28,16:45:00,31,São Paulo,SP,Pix,Curso: Investimentos para Iniciantes,97.0,22.6
2024-04-23,18:10:00,40,Rio de Janeiro,RJ,Cartão de Crédito,Curso: Investimentos para Iniciantes,97.0,22.6
2024-03-20,05:46:00,55,Porto Alegre,RS,Cartão de Crédito,Curso: Investimentos para Iniciantes,97.0,22.6
2024-02-23,06:03:00,20,Brasília,DF,Pix,Curso: Investimentos para Iniciantes,97.0,22.6
2024-02-03,02:42:00,24,Belo Horizonte,MG,Pix,Curso: Investimentos para Iniciantes,97.0,22.6
2024-03-11,05:50:00,25,Porto Alegre,RS,Cartão de Crédito,Curso: Investimentos para Iniciantes,97.0,22.6
2024-04-27,23:16:00,36,Brasília,DF,Boleto,Curso: Investimentos para Iniciantes,97.0,22.6
2024-09-04,11:24:00,58,Salvador,BA,Cartão de Crédito,Curso: Investimentos para Iniciantes,97.0,22.6
2024-07-12,01:06:00,20,Porto Alegre,RS,Pix,Curso: Investimentos para Iniciantes,97.0,22.6
2024-09-25,17:37:00,37,Curitiba,PR,Boleto,Curso: Investimentos para Iniciantes,97.0,22.6
2024-10-05,17:36:00,47,Brasília,DF,Pix,Curso: Investimentos para Iniciantes,97.0,22.6
2024-05-03,02:31:00,55,São Paulo,SP,Cartão de Crédito,Curso: Investimentos para Iniciantes,97.0,22.6
2024-10-03,03:04:00,43,Curitiba,PR,Pix,Curso: Investimentos para Iniciantes,97.0,22.6
2024-04-08,14:32:00,50,Recife,PE,Cartão de Crédito,Curso: Investimentos para Iniciantes,97.0,22.6
2024-07-22,03:39:00,46,Porto Alegre,RS,Cartão de Crédito,Curso: Investimentos para Iniciantes,97.0,22.6
2024-07-13,19:13:00,20,Curitiba,PR,Pix,Curso: Investimentos para Iniciantes,97.0,22.6
2024-04-25,02:25:00,26,Fortaleza,CE,Boleto,Curso: Investimentos para Iniciantes,97.0,22.6
2024-02-09,05:28:00,22,Manaus,AM,Boleto,Curso: Investimentos para Iniciantes,97.0,22.6
2024-06-28,00:55:00,26,Porto Alegre,RS,Pix,Curso: Investimentos para Iniciantes,97.0,22.6
2024-06-11,16:00:00,29,Curitiba,PR,Pix,Curso: Investimentos para Iniciantes,97.0,22.6
2024-08-26,00:26:00,65,Fortaleza,CE,Pix,Curso: Investimentos para Iniciantes,97.0,22.6
2024-05-24,18:17:00,47,Recife,PE,Cartão de Crédito,Curso: Investimentos para Iniciantes,97.0,22.6
2024-11-26,08:54:00,60,Recife,PE,Pix,Curso: Investimentos para Iniciantes,97.0,22.6
2024-01-15,21:43:00,52,Recife,PE,Boleto,Curso: Investimentos para Iniciantes,97.0,22.6
2024-01-20,08:21:00,50,Brasília,DF,Boleto,Curso: Investimentos para Iniciantes,97.0,22.6
2024-05-10,13:17:00,63,Belo Horizonte,MG,Pix,Curso: Investimentos para Iniciantes,97.0,22.6
2024-05-09,17:49:00,52,Salvador,BA,Boleto,Curso: Investimentos para Iniciantes,97.0,22.6
2024-09-27,04:09:00,65,Rio de Janeiro,RJ,Cartão de Crédito,Curso: Investimentos para Iniciantes,97.0,22.6
2024-05-04,05:48:00,55,Salvador,BA,Cartão de Crédito,Curso: Investimentos para Iniciantes,97.0,22.6
2024-03-25,21:53:00,26,Brasília,DF,Pix,Curso: Investimentos para Iniciantes,97.0,22.6
2024-06-13,00:45:00,57,Manaus,AM,Cartão de Crédito,Curso: Investimentos para Iniciantes,97.0,22.6
2024-03-23,11:59:00,39,Manaus,AM,Pix,Curso: Investimentos para Iniciantes,97.0,22.6
2024-08-28,20:18:00,28,Fortaleza,CE,Pix,Curso: Investimentos para Iniciantes,97.0,22.6
2024-02-18,01:28:00,53,Recife,PE,Boleto,Curso: Investimentos para Iniciantes,97.0,22.6
2024-08-15,22:37:00,25,Rio de Janeiro,RJ,Cartão de Crédito,Curso: Investimentos para Iniciantes,97.0,22.6
2024-06-09,00:19:00,44,Rio de Janeiro,RJ,Cartão de Crédito,Curso: Investimentos para Iniciantes,97.0,22.6
2024-11-16,01:54:00,41,Rio de Janeiro,RJ,Boleto,Curso: Investimentos para Iniciantes,97.0,22.6
2024-01-26,18:26:00,20,Porto Alegre,RS,Pix,Curso: Investimentos para Iniciantes,97.0,22.6
2024-08-19,23:06:00,27,Salvador,BA,Pix,Curso: Investimentos para Iniciantes,97.0,22.6
2024-01-01,07:01:00,65,Fortaleza,CE,Cartão de Crédito,Curso: Investimentos para Iniciantes,97.0,22.6
2024-04-19,23:00:00,64,Porto Alegre,RS,Pix,Curso: Investimentos para Iniciantes,97.0,22.6
2024-02-17,11:14:00,55,Curitiba,PR,Boleto,Curso: Investimentos para Iniciantes,97.0,22.6
2024-04-21,06:51:00,21,Recife,PE,Boleto,Curso: Investimentos para Iniciantes,97.0,22.6
2024-06-16,15:12:00,33,Brasília,DF,Boleto,Curso: Investimentos para Iniciantes,97.0,22.6
2024-06-18,15:44:00,27,Curitiba,PR,Pix,Curso: Investimentos para Iniciantes,97.0,22.6
2024-06-04,08:36:00,31,Belo Horizonte,MG,Pix,Curso: Investimentos para Iniciantes,97.0,22.6
2024-05-22,02:49:00,28,São Paulo,SP,Pix,Curso: Investimentos para Iniciantes,97.0,22.6
2024-03-06,14:38:00,18,Fortaleza,CE,Cartão de Crédito,Curso: Investimentos para Iniciantes,97.0,22.6
2024-05-24,19:05:00,51,Curitiba,PR,Cartão de Crédito,Curso: Investimentos para Iniciantes,97.0,22.6
2024-02-21,06:28:00,61,Fortaleza,CE,Cartão de Crédito,Curso: Investimentos para Iniciantes,97.0,22.6
2024-03-10,13:49:00,37,Fortaleza,CE,Pix,Curso: Investimentos para Iniciantes,97.0,22.6
2024-09-09,17:45:00,55,Belo Horizonte,MG,Boleto,Curso: Investimentos para Iniciantes,97.0,22.6
2024-11-04,18:40:00,61,São Paulo,SP,Pix,Curso: Investimentos para Iniciantes,97.0,22.6
2024-06-15,04:12:00,56,Belo Horizonte,MG,Pix,Curso: Investimentos para Iniciantes,97.0,22.6
2024-11-05,19:07:00,39,Porto Alegre,RS,Cartão de Crédito,Curso: Investimentos para Iniciantes,97.0,22.6
2024-01-18,03:23:00,43,Manaus,AM,Pix,Curso: Investimentos para Iniciantes,97.0,22.6
2024-02-21,06:27:00,48,Belo Horizonte,MG,Pix,Curso: Investimentos para Iniciantes,97.0,22.6
2024-11-01,19:15:00,59,São Paulo,SP,Cartão de Crédito,Curso: Investimentos para Iniciantes,97.0,22.6
2024-04-18,21:08:00,54,Belo Horizonte,MG,Cartão de Crédito,Curso: Investimentos para Iniciantes,97.0,22.6
2024-01-13,15:08:00,41,Manaus,AM,Boleto,Curso: Investimentos para Iniciantes,97.0,22.6
2024-10-10,23:48:00,62,Belo Horizonte,MG,Cartão de Crédito,Curso: Investimentos para Iniciantes,97.0,22.6
2024-07-24,09:15:00,22,Porto Alegre,RS,Cartão de Crédito,Curso: Investimentos para Iniciantes,97.0,22.6
2024-02-16,02:22:00,26,Curitiba,PR,Boleto,Curso: Investimentos para Iniciantes,97.0,22.6
2024-02-15,05:22:00,57,Brasília,DF,Boleto,Curso: Investimentos para Iniciantes,97.0,22.6
2024-06-11,11:24:00,34,Brasília,DF,Boleto,Curso: Investimentos para Iniciantes,97.0,22.6
2024-06-08,17:21:00,40,Rio de Janeiro,RJ,Pix,Curso: Investimentos para Iniciantes,97.0,22.6
2024-02-13,10:34:00,22,Recife,PE,Cartão de Crédito,Curso: Investimentos para Iniciantes,97.0,22.6
2024-03-23,08:56:00,18,Curitiba,PR,Pix,Curso: Investimentos para Iniciantes,97.0,22.6
2024-12-27,06:19:00,22,Fortaleza,CE,Cartão de Crédito,Curso: Investimentos para Iniciantes,97.0,22.6
2024-09-09,06:00:00,63,Salvador,BA,Boleto,Curso: Investimentos para Iniciantes,97.0,22.6
2024-09-01,17:24:00,35,Recife,PE,Pix,Curso: Investimentos para Iniciantes,97.0,22.6
2024-05-12,11:15:00,52,Rio de Janeiro,RJ,Cartão de Crédito,Curso: Investimentos para Iniciantes,97.0,22.6
2024-08-12,02:05:00,34,Brasília,DF,Cartão de Crédito,Curso: Investimentos para Iniciantes,97.0,22.6
2024-01-13,10:08:00,21,Fortaleza,CE,Boleto,Curso: Investimentos para Iniciantes,97.0,22.6
2024-08-08,22:38:00,65,Rio de Janeiro,RJ,Pix,Curso: Investimentos para Iniciantes,97.0,22.6
2024-11-02,01:58:00,47,Manaus,AM,Boleto,Curso: Investimentos para Iniciantes,97.0,22.6
2024-07-22,03:39:00,43,Salvador,BA,Pix,Curso: Investimentos para Iniciantes,97.0,22.6
2024-06-28,02:30:00,28,Manaus,AM,Pix,Curso: Investimentos para Iniciantes,97.0,22.6
2024-06-17,11:06:00,33,Recife,PE,Pix,Curso: Investimentos para Iniciantes,97.0,22.6
2024-04-10,13:07:00,19,Recife,PE,Cartão de Crédito,Curso: Investimentos para Iniciantes,97.0,22.6
2024-09-23,02:05:00,38,Curitiba,PR,Pix,Curso: Investimentos para Iniciantes,97.0,22.6
2024-09-04,09:54:00,55,São Paulo,SP,Cartão de Crédito,Curso: Investimentos para Iniciantes,97.0,22.6
2024-10-23,18:52:00,25,Rio de Janeiro,RJ,Boleto,Curso: Investimentos para Iniciantes,97.0,22.6
2024-01-03,03:20:00,19,Porto Alegre,RS,Cartão de Crédito,Curso: Investimentos para Iniciantes,97.0,22.6
2024-12-21,14:54:00,64,Fortaleza,CE,Boleto,Curso: Investimentos para Iniciantes,97.0,22.6
2024-12-18,17:40:00,27,Fortaleza,CE,Boleto,Curso: Investimentos para Iniciantes,97.0,22.6
2024-01-17,00:41:00,61,São Paulo,SP,Pix,Curso: Investimentos para Iniciantes,97.0,22.6
2024-12-17,18:52:00,56,Rio de Janeiro,RJ,Pix,Curso: Investimentos para Iniciantes,97.0,22.6
2024-02-19,01:45:00,30,Curitiba,PR,Boleto,Curso: Investimentos para Iniciantes,97.0,22.6
2024-06-21,18:38:00,58,Brasília,DF,Boleto,Curso: Investimentos para Iniciantes,97.0,22.6
2024-12-28,05:43:00,39,Manaus,AM,Boleto,Curso: Investimentos para Iniciantes,97.0,22.6
2024-05-09,13:34:00,41,São Paulo,SP,Pix,Curso: Investimentos para Iniciantes,97.0,22.6
2024-01-02,09:15:00,46,Recife,PE,Boleto,Curso: Investimentos para Iniciantes,97.0,22.6
2024-10-03,17:57:00,39,Belo Horizonte,MG,Pix,Curso: Investimentos para Iniciantes,97.0,22.6
2024-10-13,21:21:00,29,Rio de Janeiro,RJ,Boleto,Curso: Investimentos para Iniciantes,97.0,22.6
2024-05-21,16:22:00,23,Porto Alegre,RS,Pix,Curso: Investimentos para Iniciantes,97.0,22.6
2024-09-14,00:39:00,20,Salvador,BA,Boleto,Curso: Investimentos para Iniciantes,97.0,22.6
2024-12-25,08:39:00,19,São Paulo,SP,Pix,Curso: Investimentos para Iniciantes,97.0,22.6
2024-08-03,16:38:00,29,Salvador,BA,Cartão de Crédito,Curso: Investimentos para Iniciantes,97.0,22.6
2024-08-02,12:54:00,24,Manaus,AM,Boleto,Curso: Investimentos para Iniciantes,97.0,22.6
2024-08-21,21:25:00,65,São Paulo,SP,Pix,Curso: Investimentos para Iniciantes,97.0,22.6
2024-10-03,04:23:00,25,Salvador,BA,Boleto,Curso: Investimentos para Iniciantes,97.0,22.6
2024-08-25,13:44:00,40,Brasília,DF,Pix,Curso: Investimentos para Iniciantes,97.0,22.6
2024-03-03,07:41:00,48,Porto Alegre,RS,Pix,Curso: Investimentos para Iniciantes,97.0,22.6
2024-01-25,07:37:00,26,Curitiba,PR,Cartão de Crédito,Curso: Investimentos para Iniciantes,97.0,22.6
2024-03-01,07:20:00,21,São Paulo,SP,Pix,Curso: Investimentos para Iniciantes,97.0,22.6
2024-02-24,01:25:00,31,Brasília,DF,Boleto,Curso: Investimentos para Iniciantes,97.0,22.6
2024-07-24,07:07:00,55,São Paulo,SP,Cartão de Crédito,Curso: Investimentos para Iniciantes,97.0,22.6
2024-10-15,12:20:00,65,São Paulo,SP,Boleto,Curso: Investimentos para Iniciantes,97.0,22.6
2024-02-07,02:39:00,44,Porto Alegre,RS,Boleto,Curso: Investimentos para Iniciantes,97.0,22.6
2024-03-22,03:57:00,38,Fortaleza,CE,Cartão de Crédito,Curso: Investimentos para Iniciantes,97.0,22.6
2024-01-09,01:07:00,42,Curitiba,PR,Cartão de Crédito,Curso: Investimentos para Iniciantes,97.0,22.6
2024-10-03,11:28:00,21,Rio de Janeiro,RJ,Boleto,Curso: Investimentos para Iniciantes,97.0,22.6
2024-09-28,00:03:00,37,Manaus,AM,Cartão de Crédito,Curso: Investimentos para Iniciantes,97.0,22.6
2024-08-01,01:01:00,58,Manaus,AM,Pix,Curso: Investimentos para Iniciantes,97.0,22.6
2024-07-06,13:47:00,52,Recife,PE,Pix,Curso: Investimentos para Iniciantes,97.0,22.6
2024-02-09,01:02:00,22,Brasília,DF,Cartão de Crédito,Curso: Investimentos para Iniciantes,97.0,22.6
2024-11-27,09:24:00,29,Porto Alegre,RS,Pix,Curso: Investimentos para Iniciantes,97.0,22.6
2024-11-19,12:22:00,47,Curitiba,PR,Cartão de Crédito,Curso: Investimentos para Iniciantes,97.0,22.6
2024-01-13,00:31:00,36,Porto Alegre,RS,Boleto,Curso: Investimentos para Iniciantes,97.0,22.6
2024-06-05,01:30:00,56,Brasília,DF,Boleto,Curso: Investimentos para Iniciantes,97.0,22.6
2024-05-19,17:05:00,45,Curitiba,PR,Cartão de Crédito,Curso: Investimentos para Iniciantes,97.0,22.6
2024-02-05,12:13:00,35,Fortaleza,CE,Cartão de Crédito,Curso: Investimentos para Iniciantes,97.0,22.6
2024-05-27,13:13:00,41,Manaus,AM,Cartão de Crédito,Curso: Investimentos para Iniciantes,97.0,22.6
2024-06-14,02:47:00,57,Rio de Janeiro,RJ,Cartão de Crédito,Curso: Investimentos para Iniciantes,97.0,22.6
2024-04-28,06:51:00,26,Belo Horizonte,MG,Pix,Curso: Investimentos para Iniciantes,97.0,22.6
2024-07-28,22:54:00,56,Fortaleza,CE,Pix,Pacote de Investimento - Intermediário,49.9,11.6
2024-07-18,15:11:00,29,Rio de Janeiro,RJ,Cartão de Crédito,Pacote de Investimento - Intermediário,49.9,11.6
2024-09-05,18:10:00,55,Belo Horizonte,MG,Pix,Pacote de Investimento - Intermediário,49.9,11.6
2024-09-25,09:40:00,31,Belo Horizonte,MG,Pix,Pacote de Investimento - Intermediário,49.9,11.6
2024-12-24,06:27:00,58,São Paulo,SP,Boleto,Pacote de Investimento - Intermediário,49.9,11.6
2024-07-12,03:19:00,56,Belo Horizonte,MG,Cartão de Crédito,Pacote de Investimento - Intermediário,49.9,11.6
2024-06-23,01:47:00,58,Fortaleza,CE,Cartão de Crédito,Pacote de Investimento - Intermediário,49.9,11.6
2024-11-24,16:37:00,43,Curitiba,PR,Pix,Pacote de Investimento - Intermediário,49.9,11.6
2024-03-22,12:27:00,35,Belo Horizonte,MG,Boleto,Pacote de Investimento - Intermediário,49.9,11.6
2024-01-14,11:42:00,19,Brasília,DF,Boleto,Pacote de Investimento - Intermediário,49.9,11.6
2024-07-01,16:14:00,65,Fortaleza,CE,Cartão de Crédito,Pacote de Investimento - Intermediário,49.9,11.6
2024-12-24,00:02:00,32,Recife,PE,Cartão de Crédito,Pacote de Investimento - Intermediário,49.9,11.6
2024-09-28,09:23:00,56,Recife,PE,Cartão de Crédito,Pacote de Investimento - Intermediário,49.9,11.6
2024-07-20,06:38:00,35,Brasília,DF,Boleto,Pacote de Investimento - Intermediário,49.9,11.6
2024-09-09,14:09:00,55,Brasília,DF,Cartão de Crédito,Pacote de Investimento - Intermediário,49.9,11.6
2024-10-19,19:04:00,25,Curitiba,PR,Pix,Pacote de Investimento - Intermediário,49.9,11.6
2024-07-16,13:33:00,51,Brasília,DF,Cartão de Crédito,Pacote de Investimento - Intermediário,49.9,11.6
2024-10-10,19:57:00,34,Manaus,AM,Pix,Pacote de Investimento - Intermediário,49.9,11.6
2024-10-04,19:22:00,49,Curitiba,PR,Boleto,Pacote de Investimento - Intermediário,49.9,11.6
2024-06-23,02:03:00,47,Manaus,AM,Cartão de Crédito,Pacote de Investimento - Intermediário,49.9,11.6
2024-11-05,21:19:00,29,São Paulo,SP,Pix,Pacote de Investimento - Intermediário,49.9,11.6
2024-04-12,13:39:00,61,Manaus,AM,Cartão de Crédito,Pacote de Investimento - Intermediário,49.9,11.6
2024-02-17,15:43:00,45,Fortaleza,CE,Boleto,Pacote de Investimento - Intermediário,49.9,11.6
2024-02-14,10:10:00,19,Salvador,BA,Pix,Pacote de Investimento - Intermediário,49.9,11.6
2024-06-21,18:00:00,50,Belo Horizonte,MG,Cartão de Crédito,Pacote de Investimento - Intermediário,49.9,11.6
2024-07-27,01:54:00,31,Manaus,AM,Cartão de Crédito,Pacote de Investimento - Intermediário,49.9,11.6
2024-10-18,16:18:00,45,Brasília,DF,Boleto,Pacote de Investimento - Intermediário,49.9,11.6
2024-06-26,22:35:00,61,Salvador,BA,Pix,Pacote de Investimento - Intermediário,49.9,11.6
2024-02-05,17:50:00,26,Fortaleza,CE,Pix,Pacote de Investimento - Intermediário,49.9,11.6
2024-10-23,04:21:00,27,Curitiba,PR,Pix,Pacote de Investimento - Intermediário,49.9,11.6
2024-08-03,21:56:00,54,Manaus,AM,Boleto,Pacote de Investimento - Intermediário,49.9,11.6
2024-10-23,04:39:00,64,Salvador,BA,Pix,Pacote de Investimento - Intermediário,49.9,11.6
2024-11-24,03:37:00,38,Curitiba,PR,Pix,Pacote de Investimento - Intermediário,49.9,11.6
2024-11-07,09:41:00,24,Manaus,AM,Boleto,Pacote de Investimento - Intermediário,49.9,11.6
2024-07-09,03:22:00,42,São Paulo,SP,Boleto,Pacote de Investimento - Intermediário,49.9,11.6
2024-12-04,22:57:00,26,Belo Horizonte,MG,Pix,Pacote de Investimento - Intermediário,49.9,11.6
2024-11-10,12:27:00,33,Salvador,BA,Cartão de Crédito,Pacote de Investimento - Intermediário,49.9,11.6
2024-06-16,15:57:00,29,Salvador,BA,Cartão de Crédito,Pacote de Investimento - Intermediário,49.9,11.6
2024-11-25,09:29:00,65,Brasília,DF,Pix,Pacote de Investimento - Intermediário,49.9,11.6
2024-11-05,02:07:00,63,Porto Alegre,RS,Cartão de Crédito,Pacote de Investimento - Intermediário,49.9,11.6
2024-03-26,22:40:00,53,São Paulo,SP,Boleto,Pacote de Investimento - Intermediário,49.9,11.6
2024-05-06,03:28:00,52,Brasília,DF,Pix,Pacote de Investimento - Intermediário,49.9,11.6
2024-03-03,05:11:00,43,Porto Alegre,RS,Pix,Pacote de Investimento - Intermediário,49.9,11.6
2024-05-07,06:28:00,62,Brasília,DF,Cartão de Crédito,Pacote de Investimento - Intermediário,49.9,11.6
2024-06-16,04:48:00,48,Brasília,DF,Boleto,Pacote de Investimento - Intermediário,49.9,11.6
2024-10-18,07:55:00,58,Porto Alegre,RS,Cartão de Crédito,Pacote de Investimento - Intermediário,49.9,11.6
2024-04-19,14:15:00,38,Curitiba,PR,Pix,Pacote de Investimento - Intermediário,49.9,11.6
2024-08-07,14:48:00,41,Belo Horizonte,MG,Boleto,Pacote de Investimento - Intermediário,49.9,11.6
2024-06-12,13:09:00,64,Belo Horizonte,MG,Boleto,Pacote de Investimento - Intermediário,49.9,11.6
2024-03-25,22:06:00,49,Belo Horizonte,MG,Cartão de Crédito,Pacote de Investimento - Intermediário,49.9,11.6
2024-05-26,22:55:00,21,Recife,PE,Cartão de Crédito,Pacote de Investimento - Intermediário,49.9,11.6
2024-12-22,15:23:00,60,São Paulo,SP,Pix,Pacote de Investimento - Intermediário,49.9,11.6
2024-08-08,21:01:00,50,Fortaleza,CE,Cartão de Crédito,Pacote de Investimento - Intermediário,49.9,11.6
2024-09-03,15:33:00,60,Brasília,DF,Boleto,Pacote de Investimento - Intermediário,49.9,11.6
2024-03-10,17:19:00,30,Manaus,AM,Boleto,Pacote de Investimento - Intermediário,49.9,11.6
2024-06-04,20:46:00,57,Belo Horizonte,MG,Boleto,Pacote de Investimento - Intermediário,49.9,11.6
2024-09-24,03:47:00,44,Curitiba,PR,Pix,Pacote de Investimento - Intermediário,49.9,11.6
2024-09-26,22:31:00,18,Manaus,AM,Pix,Pacote de Investimento - Intermediário,49.9,11.6
2024-03-24,19:30:00,52,Rio de Janeiro,RJ,Boleto,Pacote de Investimento - Intermediário,49.9,11.6
2024-03-23,15:03:00,34,São Paulo,SP,Pix,Pacote de Investimento - Intermediário,49.9,11.6
2024-07-08,07:07:00,34,Rio de Janeiro,RJ,Cartão de Crédito,Pacote de Investimento - Intermediário,49.9,11.6
2024-08-11,04:32:00,30,Fortaleza,CE,Boleto,Pacote de Investimento - Intermediário,49.9,11.6
2024-02-03,10:57:00,57,Manaus,AM,Pix,Pacote de Investimento - Intermediário,49.9,11.6
2024-07-18,02:01:00,20,São Paulo,SP,Cartão de Crédito,Pacote de Investimento - Intermediário,49.9,11.6
2024-11-18,08:18:00,62,Belo Horizonte,MG,Cartão de Crédito,Pacote de Investimento - Intermediário,49.9,11.6
2024-12-16,02:29:00,48,Rio de Janeiro,RJ,Boleto,Pacote de Investimento - Intermediário,49.9,11.6
2024-02-23,11:20:00,63,Manaus,AM,Cartão de Crédito,Pacote de Investimento - Intermediário,49.9,11.6
2024-01-12,05:42:00,54,São Paulo,SP,Pix,Pacote de Investimento - Intermediário,49.9,11.6
2024-05-15,05:40:00,32,Rio de Janeiro,RJ,Cartão de Crédito,Pacote de Investimento - Intermediário,49.9,11.6
2024-07-06,15:48:00,44,São Paulo,SP,Pix,Pacote de Investimento - Intermediário,49.9,11.6
2024-04-09,00:30:00,22,Porto Alegre,RS,Cartão de Crédito,Pacote de Investimento - Intermediário,49.9,11.6
2024-04-10,21:26:00,38,Brasília,DF,Pix,Pacote de Investimento - Intermediário,49.9,11.6
2024-09-15,01:52:00,41,Fortaleza,CE,Boleto,Pacote de Investimento - Intermediário,49.9,11.6
2024-11-15,02:56:00,33,Manaus,AM,Pix,Pacote de Investimento - Intermediário,49.9,11.6
2024-04-15,10:56:00,18,São Paulo,SP,Pix,Pacote de Investimento - Intermediário,49.9,11.6
2024-11-06,19:06:00,47,Recife,PE,Boleto,Pacote de Investimento - Intermediário,49.9,11.6
2024-04-05,00:19:00,34,Recife,PE,Cartão de Crédito,Pacote de Investimento - Intermediário,49.9,11.6
2024-08-08,04:42:00,24,Recife,PE,Cartão de Crédito,Pacote de Investimento - Intermediário,49.9,11.6
2024-06-22,23:01:00,28,Brasília,DF,Cartão de Crédito,Pacote de Investimento - Intermediário,49.9,11.6
2024-04-01,20:26:00,33,Curitiba,PR,Pix,Pacote de Investimento - Intermediário,49.9,11.6
2024-05-03,15:11:00,50,Porto Alegre,RS,Boleto,Pacote de Investimento - Intermediário,49.9,11.6
2024-02-12,06:25:00,34,Belo Horizonte,MG,Pix,Pacote de Investimento - Intermediário,49.9,11.6
2024-05-14,07:13:00,33,Porto Alegre,RS,Pix,Pacote de Investimento - Intermediário,49.9,11.6
2024-09-12,13:12:00,51,Brasília,DF,Cartão de Crédito,Pacote de Investimento - Intermediário,49.9,11.6
2024-11-18,02:07:00,19,São Paulo,SP,Pix,Pacote de Investimento - Intermediário,49.9,11.6
2024-08-16,23:14:00,31,Belo Horizonte,MG,Pix,Pacote de Investimento - Intermediário,49.9,11.6
2024-07-15,04:34:00,20,Fortaleza,CE,Boleto,Pacote de Investimento - Intermediário,49.9,11.6
2024-03-07,04:28:00,30,Salvador,BA,Boleto,Pacote de Investimento - Intermediário,49.9,11.6
2024-02-10,09:34:00,47,Brasília,DF,Cartão de Crédito,Pacote de Investimento - Intermediário,49.9,11.6
2024-09-12,06:12:00,38,Curitiba,PR,Boleto,Pacote de Investimento - Intermediário,49.9,11.6
2024-02-21,03:05:00,33,Salvador,BA,Boleto,Pacote de Investimento - Intermediário,49.9,11.6
2024-06-03,22:09:00,35,Belo Horizonte,MG,Boleto,Pacote de Investimento - Intermediário,49.9,11.6
2024-01-15,08:58:00,31,Curitiba,PR,Pix,Pacote de Investimento - Intermediário,49.9,11.6
2024-03-28,16:46:00,36,Recife,PE,Boleto,Pacote de Investimento - Intermediário,49.9,11.6
2024-07-01,13:05:00,64,Salvador,BA,Boleto,Pacote de Investimento - Intermediário,49.9,11.6
2024-07-08,06:42:00,44,Rio de Janeiro,RJ,Pix,Pacote de Investimento - Intermediário,49.9,11.6
2024-02-12,02:40:00,30,Rio de Janeiro,RJ,Boleto,Pacote de Investimento - Intermediário,49.9,11.6
2024-03-28,04:33:00,19,Recife,PE,Cartão de Crédito,Pacote de Investimento - Intermediário,49.9,11.6
2024-04-01,22:11:00,65,Brasília,DF,Pix,Pacote de Investimento - Intermediário,49.9,11.6
2024-05-16,16:39:00,56,Salvador,BA,Pix,Pacote de Investimento - Intermediário,49.9,11.6
2024-02-07,23:09:00,46,Curitiba,PR,Boleto,Pacote de Investimento - Intermediário,49.9,11.6
2024-03-18,07:29:00,19,Rio de Janeiro,RJ,Pix,Pacote de Investimento - Intermediário,49.9,11.6
2024-02-25,18:23:00,25,Fortaleza,CE,Boleto,Pacote de Investimento - Intermediário,49.9,11.6
2024-08-24,19:52:00,57,São Paulo,SP,Cartão de Crédito,Pacote de Investimento - Intermediário,49.9,11.6
2024-01-21,18:54:00,55,Curitiba,PR,Pix,Pacote de Investimento - Intermediário,49.9,11.6
2024-04-01,11:45:00,52,Rio de Janeiro,RJ,Cartão de Crédito,Pacote de Investimento - Intermediário,49.9,11.6
2024-03-10,23:47:00,60,Curitiba,PR,Cartão de Crédito,Pacote de Investimento - Intermediário,49.9,11.6
2024-10-10,12:54:00,64,Fortaleza,CE,Boleto,Pacote de Investimento - Intermediário,49.9,11.6
2024-10-21,17:59:00,55,Fortaleza,CE,Pix,Pacote de Investimento - Intermediário,49.9,11.6
2024-11-23,21:38:00,25,Belo Horizonte,MG,Boleto,Pacote de Investimento - Intermediário,49.9,11.6
2024-10-10,10:09:00,20,Salvador,BA,Pix,Pacote de Investimento - Intermediário,49.9,11.6
2024-01-20,18:42:00,42,Recife,PE,Cartão de Crédito,Pacote de Investimento - Intermediário,49.9,11.6
2024-11-07,11:54:00,58,Salvador,BA,Pix,Pacote de Investimento - Intermediário,49.9,11.6
2024-12-21,14:32:00,35,São Paulo,SP,Pix,Pacote de Investimento - Intermediário,49.9,11.6
2024-08-07,18:04:00,52,Curitiba,PR,Cartão de Crédito,Pacote de Investimento - Intermediário,49.9,11.6
2024-03-01,18:46:00,38,Belo Horizonte,MG,Pix,Pacote de Investimento - Intermediário,49.9,11.6
2024-11-07,07:05:00,30,Curitiba,PR,Boleto,Pacote de Investimento - Intermediário,49.9,11.6
2024-09-22,17:06:00,28,Rio de Janeiro,RJ,Pix,Pacote de Investimento - Intermediário,49.9,11.6
2024-12-08,14:38:00,30,São Paulo,SP,Pix,Pacote de Investimento - Intermediário,49.9,11.6
2024-10-25,01:33:00,19,Rio de Janeiro,RJ,Boleto,Pacote de Investimento - Intermediário,49.9,11.6
2024-06-01,10:20:00,22,Manaus,AM,Cartão de Crédito,Pacote de Investimento - Intermediário,49.9,11.6
2024-02-21,01:25:00,27,Recife,PE,Pix,Pacote de Investimento - Intermediário,49.9,11.6
2024-11-19,06:25:00,49,Fortaleza,CE,Boleto,Pacote de Investimento - Intermediário,49.9,11.6
2024-08-05,23:49:00,62,Salvador,BA,Pix,Pacote de Investimento - Intermediário,49.9,11.6
2024-08-18,18:59:00,48,Curitiba,PR,Cartão de Crédito,Pacote de Investimento - Intermediário,49.9,11.6
2024-12-10,23:36:00,27,Recife,PE,Cartão de Crédito,Pacote de Investimento - Intermediário,49.9,11.6
2024-04-07,09:35:00,28,Belo Horizonte,MG,Boleto,Pacote de Investimento - Intermediário,49.9,11.6
2024-10-03,10:00:00,28,São Paulo,SP,Cartão de Crédito,Pacote de Investimento - Intermediário,49.9,11.6
2024-11-10,02:15:00,64,Fortaleza,CE,Cartão de Crédito,Pacote de Investimento - Intermediário,49.9,11.6
2024-01-24,12:46:00,43,Manaus,AM,Pix,Pacote de Investimento - Intermediário,49.9,11.6
2024-10-14,01:02:00,59,Recife,PE,Pix,Pacote de Investimento - Intermediário,49.9,11.6
2024-04-07,21:51:00,42,Porto Alegre,RS,Pix,Pacote de Investimento - Intermediário,49.9,11.6
2024-12-27,07:13:00,28,Curitiba,PR,Boleto,Pacote de Investimento - Intermediário,49.9,11.6
2024-01-12,16:20:00,55,Fortaleza,CE,Cartão de Crédito,Pacote de Investimento - Intermediário,49.9,11.6
2024-01-27,22:01:00,53,Porto Alegre,RS,Cartão de Crédito,Pacote de Investimento - Intermediário,49.9,11.6
2024-09-17,11:35:00,36,Manaus,AM,Boleto,Pacote de Investimento - Intermediário,49.9,11.6
2024-05-15,13:50:00,33,Belo Horizonte,MG,Boleto,Pacote de Investimento - Avançado,100.0,23.3
2024-09-21,04:28:00,63,Brasília,DF,Cartão de Crédito,Pacote de Investimento - Avançado,100.0,23.3
2024-05-02,13:16:00,59,Salvador,BA,Boleto,Pacote de Investimento - Avançado,100.0,23.3
2024-12-26,11:13:00,37,Salvador,BA,Cartão de Crédito,Pacote de Investimento - Avançado,100.0,23.3
2024-11-11,19:42:00,62,Recife,PE,Cartão de Crédito,Pacote de Investimento - Avançado,100.0,23.3
2024-05-03,10:01:00,63,Porto Alegre,RS,Pix,Pacote de Investimento - Avançado,100.0,23.3
2024-08-05,02:18:00,62,São Paulo,SP,Pix,Pacote de Investimento - Avançado,100.0,23.3
2024-06-24,02:43:00,52,Salvador,BA,Boleto,Pacote de Investimento - Avançado,100.0,23.3
2024-01-16,03:07:00,26,Curitiba,PR,Pix,Pacote de Investimento - Avançado,100.0,23.3
2024-03-08,12:24:00,60,Rio de Janeiro,RJ,Cartão de Crédito,Pacote de Investimento - Avançado,100.0,23.3
2024-06-13,17:35:00,27,Fortaleza,CE,Boleto,Pacote de Investimento - Avançado,100.0,23.3
2024-09-05,22:20:00,50,Fortaleza,CE,Pix,Pacote de Investimento - Avançado,100.0,23.3
2024-10-15,14:10:00,58,Manaus,AM,Boleto,Pacote de Investimento - Avançado,100.0,23.3
2024-10-15,00:53:00,55,Fortaleza,CE,Boleto,Pacote de Investimento - Avançado,100.0,23.3
2024-04-25,01:22:00,47,Belo Horizonte,MG,Cartão de Crédito,Pacote de Investimento - Avançado,100.0,23.3
2024-06-16,17:16:00,56,Curitiba,PR,Cartão de Crédito,Pacote de Investimento - Avançado,100.0,23.3
2024-01-10,03:28:00,39,Recife,PE,Cartão de Crédito,Pacote de Investimento - Avançado,100.0,23.3
2024-10-01,05:07:00,44,Fortaleza,CE,Cartão de Crédito,Pacote de Investimento - Avançado,100.0,23.3
2024-10-24,05:49:00,42,Manaus,AM,Boleto,Pacote de Investimento - Avançado,100.0,23.3
2024-06-05,08:52:00,43,Curitiba,PR,Pix,Pacote de Investimento - Avançado,100.0,23.3
2024-03-09,21:26:00,26,Porto Alegre,RS,Boleto,Pacote de Investimento - Avançado,100.0,23.3
2024-12-15,22:21:00,45,Manaus,AM,Boleto,Pacote de Investimento - Avançado,100.0,23.3
2024-02-15,19:24:00,56,Fortaleza,CE,Cartão de Crédito,Pacote de Investimento - Avançado,100.0,23.3
2024-01-18,11:44:00,50,Recife,PE,Pix,Pacote de Investimento - Avançado,100.0,23.3
2024-12-10,11:55:00,24,Belo Horizonte,MG,Boleto,Pacote de Investimento - Avançado,100.0,23.3
2024-12-10,00:43:00,32,Curitiba,PR,Boleto,Pacote de Investimento - Avançado,100.0,23.3
2024-02-08,05:20:00,40,Curitiba,PR,Boleto,Pacote de Investimento - Avançado,100.0,23.3
2024-08-01,06:48:00,35,Belo Horizonte,MG,Cartão de Crédito,Pacote de Investimento - Avançado,100.0,23.3
2024-01-12,18:12:00,33,Rio de Janeiro,RJ,Cartão de Crédito,Pacote de Investimento - Avançado,100.0,23.3
2024-08-25,10:48:00,33,Recife,PE,Cartão de Crédito,Pacote de Investimento - Avançado,100.0,23.3
2024-05-01,07:59:00,31,Brasília,DF,Boleto,Pacote de Investimento - Avançado,100.0,23.3
2024-07-26,01:57:00,29,Manaus,AM,Cartão de Crédito,Pacote de Investimento - Avançado,100.0,23.3
2024-07-24,06:23:00,42,Belo Horizonte,MG,Boleto,Pacote de Investimento - Avançado,100.0,23.3
2024-06-13,18:26:00,33,Fortaleza,CE,Cartão de Crédito,Pacote de Investimento - Avançado,100.0,23.3
2024-10-15,03:49:00,49,Brasília,DF,Pix,Pacote de Investimento - Avançado,100.0,23.3
2024-12-19,13:18:00,36,Brasília,DF,Boleto,Pacote de Investimento - Avançado,100.0,23.3
2024-04-14,01:51:00,36,Brasília,DF,Pix,Pacote de Investimento - Avançado,100.0,23.3
2024-02-20,11:28:00,18,Brasília,DF,Pix,Pacote de Investimento - Avançado,100.0,23.3
2024-08-07,19:12:00,31,Curitiba,PR,Pix,Pacote de Investimento - Avançado,100.0,23.3
2024-04-15,01:52:00,20,Manaus,AM,Cartão de Crédito,Pacote de Investimento - Avançado,100.0,23.3
2024-01-19,20:25:00,56,Porto Alegre,RS,Cartão de Crédito,Pacote de Investimento - Avançado,100.0,23.3
2024-11-26,04:47:00,57,São Paulo,SP,Cartão de Crédito,Pacote de Investimento - Avançado,100.0,23.3
2024-03-09,19:05:00,22,Curitiba,PR,Boleto,Pacote de Investimento - Avançado,100.0,23.3
2024-10-07,12:05:00,44,Brasília,DF,Pix,Pacote de Investimento - Avançado,100.0,23.3
2024-05-21,08:11:00,51,Salvador,BA,Boleto,Pacote de Investimento - Avançado,100.0,23.3
2024-04-18,01:40:00,52,Manaus,AM,Pix,Pacote de Investimento - Avançado,100.0,23.3
2024-11-03,08:16:00,42,Porto Alegre,RS,Cartão de Crédito,Pacote de Investimento - Avançado,100.0,23.3
2024-06-05,05:19:00,35,Curitiba,PR,Cartão de Crédito,Pacote de Investimento - Avançado,100.0,23.3
2024-03-06,10:30:00,34,Fortaleza,CE,Boleto,Pacote de Investimento - Avançado,100.0,23.3
2024-06-21,04:20:00,58,Manaus,AM,Cartão de Crédito,Pacote de Investimento - Avançado,100.0,23.3
2024-02-28,22:25:00,41,Porto Alegre,RS,Pix,Pacote de Investimento - Avançado,100.0,23.3
2024-02-24,08:22:00,57,Porto Alegre,RS,Pix,Pacote de Investimento - Avançado,100.0,23.3
2024-02-13,19:03:00,38,Belo Horizonte,MG,Pix,Pacote de Investimento - Avançado,100.0,23.3
2024-08-21,07:37:00,51,Manaus,AM,Pix,Pacote de Investimento - Avançado,100.0,23.3
2024-07-25,19:10:00,25,São Paulo,SP,Boleto,Pacote de Investimento - Avançado,100.0,23.3
2024-04-10,03:46:00,65,Porto Alegre,RS,Cartão de Crédito,Pacote de Investimento - Avançado,100.0,23.3
2024-12-18,06:55:00,44,Fortaleza,CE,Cartão de Crédito,Pacote de Investimento - Avançado,100.0,23.3
2024-07-03,20:00:00,48,Recife,PE,Pix,Pacote de Investimento - Avançado,100.0,23.3
2024-11-22,16:28:00,25,Brasília,DF,Boleto,Pacote de Investimento - Avançado,100.0,23.3
2024-09-16,06:42:00,41,Porto Alegre,RS,Cartão de Crédito,Pacote de Investimento - Avançado,100.0,23.3
2024-12-23,04:02:00,46,Recife,PE,Boleto,Pacote de Investimento - Avançado,100.0,23.3
2024-08-22,17:26:00,37,Manaus,AM,Pix,Pacote de Investimento - Avançado,100.0,23.3
2024-10-21,20:12:00,23,Recife,PE,Pix,Pacote de Investimento - Avançado,100.0,23.3
2024-05-18,19:58:00,61,Salvador,BA,Boleto,Pacote de Investimento - Avançado,100.0,23.3
2024-07-19,03:39:00,34,Rio de Janeiro,RJ,Boleto,Pacote de Investimento - Avançado,100.0,23.3
2024-06-20,11:13:00,22,Brasília,DF,Cartão de Crédito,Pacote de Investimento - Avançado,100.0,23.3
2024-06-01,07:38:00,50,Belo Horizonte,MG,Pix,Pacote de Investimento - Avançado,100.0,23.3
2024-01-28,16:31:00,24,Salvador,BA,Cartão de Crédito,Pacote de Investimento - Avançado,100.0,23.3
2024-08-13,14:26:00,55,Brasília,DF,Pix,Pacote de Investimento - Avançado,100.0,23.3
2024-05-24,09:25:00,53,Recife,PE,Cartão de Crédito,Pacote de Investimento - Avançado,100.0,23.3
2024-06-10,20:37:00,30,Porto Alegre,RS,Boleto,Pacote de Investimento - Avançado,100.0,23.3
2024-07-14,07:49:00,25,Brasília,DF,Boleto,Pacote de Investimento - Avançado,100.0,23.3
2024-06-22,08:38:00,41,São Paulo,SP,Boleto,Pacote de Investimento - Avançado,100.0,23.3
2024-09-05,00:13:00,48,São Paulo,SP,Pix,Pacote de Investimento - Avançado,100.0,23.3
2024-12-11,23:58:00,35,Rio de Janeiro,RJ,Cartão de Crédito,Pacote de Investimento - Avançado,100.0,23.3
2024-05-14,00:28:00,25,Recife,PE,Cartão de Crédito,Pacote de Investimento - Avançado,100.0,23.3
2024-01-18,20:33:00,21,Salvador,BA,Boleto,Pacote de Investimento - Avançado,100.0,23.3
2024-01-28,05:16:00,28,Fortaleza,CE,Pix,Pacote de Investimento - Avançado,100.0,23.3
2024-12-09,05:59:00,42,Curitiba,PR,Pix,Pacote de Investimento - Avançado,100.0,23.3
2024-11-22,13:47:00,47,São Paulo,SP,Cartão de Crédito,Pacote de Investimento - Avançado,100.0,23.3
2024-12-15,04:19:00,24,Salvador,BA,Cartão de Crédito,Pacote de Investimento - Avançado,100.0,23.3
2024-10-06,07:24:00,27,Salvador,BA,Pix,Pacote de Investimento - Avançado,100.0,23.3
2024-06-01,09:57:00,65,São Paulo,SP,Boleto,Pacote de Investimento - Avançado,100.0,23.3
2024-09-25,18:47:00,33,Belo Horizonte,MG,Pix,Pacote de Investimento - Avançado,100.0,23.3
2024-07-02,11:21:00,46,Manaus,AM,Pix,Pacote de Investimento - Avançado,100.0,23.3
2024-10-27,06:23:00,28,Porto Alegre,RS,Boleto,Pacote de Investimento - Avançado,100.0,23.3
2024-06-16,06:48:00,18,Porto Alegre,RS,Cartão de Crédito,Pacote de Investimento - Avançado,100.0,23.3
2024-05-26,13:21:00,18,Belo Horizonte,MG,Pix,Pacote de Investimento - Avançado,100.0,23.3
2024-03-27,03:27:00,42,Rio de Janeiro,RJ,Cartão de Crédito,Pacote de Investimento - Avançado,100.0,23.3
2024-05-19,15:10:00,41,Recife,PE,Pix,Pacote de Investimento - Avançado,100.0,23.3
2024-07-21,23:41:00,39,Salvador,BA,Cartão de Crédito,Pacote de Investimento - Avançado,100.0,23.3
2024-02-21,11:21:00,51,Curitiba,PR,Pix,Pacote de Investimento - Avançado,100.0,23.3
2024-03-25,15:18:00,46,São Paulo,SP,Cartão de Crédito,Pacote de Investimento - Avançado,100.0,23.3
2024-11-27,07:59:00,47,São Paulo,SP,Pix,Pacote de Investimento - Avançado,100.0,23.3
2024-03-25,12:10:00,61,Belo Horizonte,MG,Boleto,Pacote de Investimento - Avançado,100.0,23.3
2024-01-08,03:07:00,21,Curitiba,PR,Pix,Pacote de Investimento - Avançado,100.0,23.3
2024-08-12,19:40:00,34,Rio de Janeiro,RJ,Cartão de Crédito,Pacote de Investimento - Avançado,100.0,23.3
2024-02-18,07:05:00,19,Brasília,DF,Boleto,Pacote de Investimento - Avançado,100.0,23.3
2024-10-27,21:11:00,48,Recife,PE,Pix,Pacote de Investimento - Avançado,100.0,23.3
2024-08-24,17:28:00,43,Brasília,DF,Cartão de Crédito,Pacote de Investimento - Avançado,100.0,23.3
2024-05-25,12:37:00,36,Salvador,BA,Boleto,Pacote de Investimento - Avançado,100.0,23.3
2024-07-10,20:26:00,32,Porto Alegre,RS,Cartão de Crédito,Pacote de Investimento - Avançado,100.0,23.3
2024-01-20,19:25:00,46,Recife,PE,Pix,Pacote de Investimento - Avançado,100.0,23.3
2024-04-16,22:39:00,18,Manaus,AM,Cartão de Crédito,Pacote de Investimento - Avançado,100.0,23.3
2024-08-26,15:01:00,20,Porto Alegre,RS,Cartão de Crédito,Pacote de Investimento - Avançado,100.0,23.3
2024-12-22,17:26:00,62,Salvador,BA,Boleto,Pacote de Investimento - Avançado,100.0,23.3
2024-08-08,10:20:00,26,Porto Alegre,RS,Cartão de Crédito,Pacote de Investimento - Avançado,100.0,23.3
2024-06-14,18:10:00,47,Curitiba,PR,Boleto,Pacote de Investimento - Avançado,100.0,23.3
2024-03-23,20:20:00,47,Manaus,AM,Pix,Pacote de Investimento - Avançado,100.0,23.3
2024-04-18,07:52:00,24,Fortaleza,CE,Boleto,Pacote de Investimento - Avançado,100.0,23.3
2024-08-04,22:09:00,58,Salvador,BA,Boleto,Pacote de Investimento - Avançado,100.0,23.3
2024-12-06,14:40:00,46,Curitiba,PR,Boleto,Pacote de Investimento - Avançado,100.0,23.3
2024-06-15,16:35:00,57,Rio de Janeiro,RJ,Boleto,Pacote de Investimento - Avançado,100.0,23.3
2024-05-01,12:05:00,47,Brasília,DF,Cartão de Crédito,Pacote de Investimento - Avançado,100.0,23.3
2024-01-01,13:44:00,19,Brasília,DF,Cartão de Crédito,Pacote de Investimento - Avançado,100.0,23.3
2024-09-19,02:37:00,27,Belo Horizonte,MG,Pix,Pacote de Investimento - Avançado,100.0,23.3
2024-11-16,09:12:00,37,Salvador,BA,Pix,Pacote de Investimento - Avançado,100.0,23.3
2024-07-02,23:09:00,53,Fortaleza,CE,Pix,Pacote de Investimento - Avançado,100.0,23.3
2024-01-22,19:54:00,54,São Paulo,SP,Cartão de Crédito,Pacote de Investimento - Avançado,100.0,23.3
2024-07-28,05:40:00,18,Curitiba,PR,Pix,Pacote de Investimento - Avançado,100.0,23.3
2024-03-06,14:43:00,52,Porto Alegre,RS,Cartão de Crédito,Pacote de Investimento - Avançado,100.0,23.3
2024-06-16,17:54:00,43,Belo Horizonte,MG,Cartão de Crédito,Pacote de Investimento - Avançado,100.0,23.3
2024-06-16,11:47:00,51,Brasília,DF,Cartão de Crédito,Pacote de Investimento - Avançado,100.0,23.3
2024-02-16,03:59:00,26,Fortaleza,CE,Boleto,Pacote de Investimento - Avançado,100.0,23.3
2024-07-14,04:14:00,48,Curitiba,PR,Boleto,Pacote de Investimento - Avançado,100.0,23.3
2024-12-07,03:38:00,19,Rio de Janeiro,RJ,Boleto,Pacote de Investimento - Avançado,100.0,23.3
2024-07-06,14:07:00,59,Rio de Janeiro,RJ,Pix,Pacote de Investimento - Avançado,100.0,23.3
2024-10-21,05:45:00,53,Salvador,BA,Boleto,Pacote de Investimento - Avançado,100.0,23.3
2024-09-16,07:04:00,38,Porto Alegre,RS,Pix,Pacote de Investimento - Avançado,100.0,23.3
2024-07-20,14:33:00,42,Salvador,BA,Cartão de Crédito,Pacote de Investimento - Avançado,100.0,23.3
2024-07-25,11:44:00,28,Brasília,DF,Boleto,E-book: Como Investir do Zero ao Primeiro Investimento,10.0,2.3
2024-10-19,19:31:00,62,Brasília,DF,Pix,E-book: Como Investir do Zero ao Primeiro Investimento,10.0,2.3
2024-02-11,05:15:00,18,Recife,PE,Cartão de Crédito,E-book: Como Investir do Zero ao Primeiro Investimento,10.0,2.3
2024-05-27,19:58:00,27,Rio de Janeiro,RJ,Cartão de Crédito,E-book: Como Investir do Zero ao Primeiro Investimento,10.0,2.3
2024-05-28,09:40:00,54,Porto Alegre,RS,Cartão de Crédito,E-book: Como Investir do Zero ao Primeiro Investimento,10.0,2.3
2024-03-21,05:43:00,50,Salvador,BA,Cartão de Crédito,E-book: Como Investir do Zero ao Primeiro Investimento,10.0,2.3
2024-07-10,02:45:00,62,Recife,PE,Cartão de Crédito,E-book: Como Investir do Zero ao Primeiro Investimento,10.0,2.3
2024-12-06,20:02:00,56,Fortaleza,CE,Cartão de Crédito,E-book: Como Investir do Zero ao Primeiro Investimento,10.0,2.3
2024-07-28,09:21:00,49,Salvador,BA,Boleto,E-book: Como Investir do Zero ao Primeiro Investimento,10.0,2.3
2024-05-24,13:54:00,46,Fortaleza,CE,Boleto,E-book: Como Investir do Zero ao Primeiro Investimento,10.0,2.3
2024-04-01,00:34:00,55,Curitiba,PR,Boleto,E-book: Como Investir do Zero ao Primeiro Investimento,10.0,2.3
2024-01-06,16:14:00,43,Recife,PE,Pix,E-book: Como Investir do Zero ao Primeiro Investimento,10.0,2.3
2024-12-03,19:47:00,26,Porto Alegre,RS,Pix,E-book: Como Investir do Zero ao Primeiro Investimento,10.0,2.3
2024-01-01,12:49:00,65,Porto Alegre,RS,Cartão de Crédito,E-book: Como Investir do Zero ao Primeiro Investimento,10.0,2.3
2024-05-16,07:49:00,18,São Paulo,SP,Pix,E-book: Como Investir do Zero ao Primeiro Investimento,10.0,2.3
2024-02-16,19:24:00,24,Porto Alegre,RS,Cartão de Crédito,E-book: Como Investir do Zero ao Primeiro Investimento,10.0,2.3
2024-10-24,09:21:00,50,São Paulo,SP,Cartão de Crédito,E-book: Como Investir do Zero ao Primeiro Investimento,10.0,2.3
2024-10-02,19:09:00,38,São Paulo,SP,Boleto,E-book: Como Investir do Zero ao Primeiro Investimento,10.0,2.3
2024-10-20,09:38:00,60,Brasília,DF,Cartão de Crédito,E-book: Como Investir do Zero ao Primeiro Investimento,10.0,2.3
2024-11-10,23:03:00,49,Curitiba,PR,Pix,E-book: Como Investir do Zero ao Primeiro Investimento,10.0,2.3
2024-09-12,15:56:00,36,Belo Horizonte,MG,Pix,E-book: Como Investir do Zero ao Primeiro Investimento,10.0,2.3
2024-11-09,12:27:00,38,Manaus,AM,Pix,E-book: Como Investir do Zero ao Primeiro Investimento,10.0,2.3
2024-06-11,06:18:00,45,São Paulo,SP,Pix,E-book: Como Investir do Zero ao Primeiro Investimento,10.0,2.3
2024-09-17,15:14:00,62,Belo Horizonte,MG,Boleto,E-book: Como Investir do Zero ao Primeiro Investimento,10.0,2.3
2024-01-16,04:25:00,24,Manaus,AM,Boleto,E-book: Como Investir do Zero ao Primeiro Investimento,10.0,2.3
2024-09-28,20:21:00,61,Brasília,DF,Cartão de Crédito,E-book: Como Investir do Zero ao Primeiro Investimento,10.0,2.3
2024-11-12,00:02:00,31,Recife,PE,Pix,E-book: Como Investir do Zero ao Primeiro Investimento,10.0,2.3
2024-03-19,23:44:00,62,Fortaleza,CE,Boleto,E-book: Como Investir do Zero ao Primeiro Investimento,10.0,2.3
2024-09-03,13:39:00,57,Rio de Janeiro,RJ,Pix,E-book: Como Investir do Zero ao Primeiro Investimento,10.0,2.3
2024-10-14,00:09:00,29,Belo Horizonte,MG,Cartão de Crédito,E-book: Como Investir do Zero ao Primeiro Investimento,10.0,2.3
2024-10-06,18:06:00,56,Rio de Janeiro,RJ,Cartão de Crédito,E-book: Como Investir do Zero ao Primeiro Investimento,10.0,2.3
2024-05-11,16:09:00,20,Manaus,AM,Boleto,E-book: Como Investir do Zero ao Primeiro Investimento,10.0,2.3
2024-02-09,20:07:00,58,São Paulo,SP,Pix,E-book: Como Investir do Zero ao Primeiro Investimento,10.0,2.3
2024-03-11,10:52:00,56,Recife,PE,Boleto,E-book: Como Investir do Zero ao Primeiro Investimento,10.0,2.3
2024-07-15,21:24:00,51,São Paulo,SP,Pix,E-book: Como Investir do Zero ao Primeiro Investimento,10.0,2.3
2024-01-01,04:38:00,42,Recife,PE,Boleto,E-book: Como Investir do Zero ao Primeiro Investimento,10.0,2.3
2024-09-11,07:53:00,28,Rio de Janeiro,RJ,Cartão de Crédito,E-book: Como Investir do Zero ao Primeiro Investimento,10.0,2.3
2024-05-10,05:38:00,19,Brasília,DF,Cartão de Crédito,E-book: Como Investir do Zero ao Primeiro Investimento,10.0,2.3
2024-08-07,19:53:00,38,Fortaleza,CE,Boleto,E-book: Como Investir do Zero ao Primeiro Investimento,10.0,2.3
2024-10-18,10:34:00,60,Fortaleza,CE,Pix,E-book: Como Investir do Zero ao Primeiro Investimento,10.0,2.3
2024-07-21,10:18:00,26,Rio de Janeiro,RJ,Cartão de Crédito,E-book: Como Investir do Zero ao Primeiro Investimento,10.0,2.3
2024-12-20,05:38:00,61,Belo Horizonte,MG,Pix,E-book: Como Investir do Zero ao Primeiro Investimento,10.0,2.3
2024-03-09,01:37:00,59,Belo Horizonte,MG,Boleto,E-book: Como Investir do Zero ao Primeiro Investimento,10.0,2.3
2024-06-22,18:05:00,24,Rio de Janeiro,RJ,Cartão de Crédito,E-book: Como Investir do Zero ao Primeiro Investimento,10.0,2.3
2024-11-03,09:09:00,52,São Paulo,SP,Cartão de Crédito,E-book: Como Investir do Zero ao Primeiro Investimento,10.0,2.3
2024-11-25,09:23:00,30,Belo Horizonte,MG,Cartão de Crédito,E-book: Como Investir do Zero ao Primeiro Investimento,10.0,2.3
2024-01-08,16:37:00,28,Recife,PE,Boleto,E-book: Como Investir do Zero ao Primeiro Investimento,10.0,2.3
2024-07-09,10:43:00,63,Belo Horizonte,MG,Cartão de Crédito,E-book: Como Investir do Zero ao Primeiro Investimento,10.0,2.3
2024-11-03,01:03:00,23,Manaus,AM,Cartão de Crédito,E-book: Como Investir do Zero ao Primeiro Investimento,10.0,2.3
2024-08-22,16:13:00,20,Brasília,DF,Cartão de Crédito,E-book: Como Investir do Zero ao Primeiro Investimento,10.0,2.3
2024-01-13,05:54:00,62,Manaus,AM,Pix,E-book: Como Investir do Zero ao Primeiro Investimento,10.0,2.3
2024-03-19,17:40:00,65,Fortaleza,CE,Cartão de Crédito,E-book: Como Investir do Zero ao Primeiro Investimento,10.0,2.3
2024-07-13,21:05:00,65,Rio de Janeiro,RJ,Cartão de Crédito,E-book: Como Investir do Zero ao Primeiro Investimento,10.0,2.3
2024-10-15,07:39:00,65,Fortaleza,CE,Pix,E-book: Como Investir do Zero ao Primeiro Investimento,10.0,2.3
2024-01-11,08:43:00,36,Manaus,AM,Pix,E-book: Como Investir do Zero ao Primeiro Investimento,10.0,2.3
2024-10-10,18:51:00,40,Brasília,DF,Cartão de Crédito,E-book: Como Investir do Zero ao Primeiro Investimento,10.0,2.3
2024-08-12,17:22:00,33,Curitiba,PR,Pix,E-book: Como Investir do Zero ao Primeiro Investimento,10.0,2.3
2024-11-14,09:46:00,64,Curitiba,PR,Boleto,E-book: Como Investir do Zero ao Primeiro Investimento,10.0,2.3
2024-02-08,00:41:00,45,Fortaleza,CE,Boleto,E-book: Como Investir do Zero ao Primeiro Investimento,10.0,2.3
2024-12-25,15:02:00,48,Recife,PE,Boleto,E-book: Como Investir do Zero ao Primeiro Investimento,10.0,2.3
2024-12-08,15:37:00,37,Rio de Janeiro,RJ,Boleto,E-book: Como Investir do Zero ao Primeiro Investimento,10.0,2.3
2024-04-16,08:48:00,65,Belo Horizonte,MG,Cartão de Crédito,E-book: Como Investir do Zero ao Primeiro Investimento,10.0,2.3
2024-07-18,22:13:00,21,Recife,PE,Pix,E-book: Como Investir do Zero ao Primeiro Investimento,10.0,2.3
2024-12-05,21:31:00,57,Brasília,DF,Cartão de Crédito,E-book: Como Investir do Zero ao Primeiro Investimento,10.0,2.3
2024-02-25,03:36:00,36,Recife,PE,Cartão de Crédito,E-book: Como Investir do Zero ao Primeiro Investimento,10.0,2.3
2024-09-15,20:31:00,33,São Paulo,SP,Cartão de Crédito,E-book: Como Investir do Zero ao Primeiro Investimento,10.0,2.3
2024-04-12,15:19:00,19,Fortaleza,CE,Cartão de Crédito,E-book: Como Investir do Zero ao Primeiro Investimento,10.0,2.3
2024-03-21,17:36:00,42,Brasília,DF,Pix,E-book: Como Investir do Zero ao Primeiro Investimento,10.0,2.3
2024-11-27,06:58:00,28,Brasília,DF,Pix,E-book: Como Investir do Zero ao Primeiro Investimento,10.0,2.3
2024-11-20,00:45:00,38,Belo Horizonte,MG,Cartão de Crédito,E-book: Como Investir do Zero ao Primeiro Investimento,10.0,2.3
2024-08-11,20:33:00,59,Porto Alegre,RS,Cartão de Crédito,E-book: Como Investir do Zero ao Primeiro Investimento,10.0,2.3
2024-08-13,11:09:00,51,Porto Alegre,RS,Cartão de Crédito,E-book: Como Investir do Zero ao Primeiro Investimento,10.0,2.3
2024-02-11,16:24:00,34,Salvador,BA,Pix,E-book: Como Investir do Zero ao Primeiro Investimento,10.0,2.3
2024-11-10,12:46:00,27,Rio de Janeiro,RJ,Pix,E-book: Como Investir do Zero ao Primeiro Investimento,10.0,2.3
2024-06-15,05:22:00,31,Salvador,BA,Boleto,E-book: Como Investir do Zero ao Primeiro Investimento,10.0,2.3
2024-09-25,13:41:00,53,Brasília,DF,Pix,E-book: Como Investir do Zero ao Primeiro Investimento,10.0,2.3
2024-08-04,17:32:00,46,Recife,PE,Cartão de Crédito,E-book: Como Investir do Zero ao Primeiro Investimento,10.0,2.3
2024-11-20,11:15:00,62,Salvador,BA,Cartão de Crédito,E-book: Como Investir do Zero ao Primeiro Investimento,10.0,2.3
2024-02-20,08:09:00,35,Manaus,AM,Boleto,E-book: Como Investir do Zero ao Primeiro Investimento,10.0,2.3
2024-12-06,10:19:00,41,Recife,PE,Pix,E-book: Como Investir do Zero ao Primeiro Investimento,10.0,2.3
2024-11-17,08:06:00,43,Curitiba,PR,Pix,E-book: Como Investir do Zero ao Primeiro Investimento,10.0,2.3
2024-09-02,12:48:00,23,Curitiba,PR,Cartão de Crédito,E-book: Como Investir do Zero ao Primeiro Investimento,10.0,2.3
2024-02-25,15:54:00,42,Recife,PE,Boleto,E-book: Como Investir do Zero ao Primeiro Investimento,10.0,2.3
2024-07-09,22:08:00,53,Salvador,BA,Pix,E-book: Como Investir do Zero ao Primeiro Investimento,10.0,2.3
2024-01-14,02:04:00,55,Manaus,AM,Pix,E-book: Como Investir do Zero ao Primeiro Investimento,10.0,2.3
2024-10-15,10:52:00,42,Porto Alegre,RS,Boleto,E-book: Como Investir do Zero ao Primeiro Investimento,10.0,2.3
2024-07-24,02:06:00,31,São Paulo,SP,Pix,E-book: Como Investir do Zero ao Primeiro Investimento,10.0,2.3
2024-10-06,15:36:00,41,Porto Alegre,RS,Pix,E-book: Como Investir do Zero ao Primeiro Investimento,10.0,2.3
2024-10-03,04:07:00,40,Belo Horizonte,MG,Cartão de Crédito,E-book: Como Investir do Zero ao Primeiro Investimento,10.0,2.3
2024-11-08,14:15:00,59,Brasília,DF,Pix,E-book: Como Investir do Zero ao Primeiro Investimento,10.0,2.3
2024-03-17,01:05:00,61,Porto Alegre,RS,Pix,E-book: Como Investir do Zero ao Primeiro Investimento,10.0,2.3
2024-12-27,21:54:00,34,Rio de Janeiro,RJ,Boleto,E-book: Como Investir do Zero ao Primeiro Investimento,10.0,2.3
2024-08-19,23:01:00,24,Porto Alegre,RS,Cartão de Crédito,E-book: Como Investir do Zero ao Primeiro Investimento,10.0,2.3
2024-09-28,19:31:00,50,Curitiba,PR,Cartão de Crédito,E-book: Como Investir do Zero ao Primeiro Investimento,10.0,2.3
2024-11-06,00:41:00,49,Manaus,AM,Boleto,E-book: Como Investir do Zero ao Primeiro Investimento,10.0,2.3
2024-03-26,04:29:00,48,Fortaleza,CE,Boleto,E-book: Como Investir do Zero ao Primeiro Investimento,10.0,2.3
2024-11-02,22:47:00,33,Porto Alegre,RS,Cartão de Crédito,E-book: Como Investir do Zero ao Primeiro Investimento,10.0,2.3
2024-07-04,00:55:00,55,Recife,PE,Boleto,E-book: Como Investir do Zero ao Primeiro Investimento,10.0,2.3
2024-11-28,03:34:00,21,Rio de Janeiro,RJ,Boleto,E-book: Como Investir do Zero ao Primeiro Investimento,10.0,2.3
2024-06-19,01:47:00,65,Recife,PE,Boleto,E-book: Como Investir do Zero ao Primeiro Investimento,10.0,2.3
2024-04-24,07:36:00,27,Brasília,DF,Pix,E-book: Como Investir do Zero ao Primeiro Investimento,10.0,2.3
2024-02-15,13:25:00,21,Manaus,AM,Cartão de Crédito,E-book: Como Investir do Zero ao Primeiro Investimento,10.0,2.3
2024-06-08,19:05:00,33,Brasília,DF,Cartão de Crédito,E-book: Como Investir do Zero ao Primeiro Investimento,10.0,2.3
2024-10-18,17:36:00,35,Manaus,AM,Cartão de Crédito,E-book: Como Investir do Zero ao Primeiro Investimento,10.0,2.3
2024-09-14,02:19:00,21,Curitiba,PR,Cartão de Crédito,E-book: Como Investir do Zero ao Primeiro Investimento,10.0,2.3
2024-02-09,08:07:00,35,Manaus,AM,Pix,E-book: Como Investir do Zero ao Primeiro Investimento,10.0,2.3
2024-02-02,19:47:00,47,Brasília,DF,Boleto,E-book: Como Investir do Zero ao Primeiro Investimento,10.0,2.3
2024-06-06,12:22:00,24,Curitiba,PR,Boleto,E-book: Como Investir do Zero ao Primeiro Investimento,10.0,2.3
2024-08-07,04:02:00,52,Rio de Janeiro,RJ,Cartão de Crédito,E-book: Como Investir do Zero ao Primeiro Investimento,10.0,2.3
2024-03-25,10:45:00,49,Manaus,AM,Cartão de Crédito,E-book: Como Investir do Zero ao Primeiro Investimento,10.0,2.3
2024-12-11,02:22:00,33,Recife,PE,Cartão de Crédito,E-book: Como Investir do Zero ao Primeiro Investimento,10.0,2.3
2024-09-12,13:24:00,24,São Paulo,SP,Boleto,E-book: Como Investir do Zero ao Primeiro Investimento,10.0,2.3
2024-03-15,01:50:00,25,Manaus,AM,Pix,E-book: Como Investir do Zero ao Primeiro Investimento,10.0,2.3
2024-06-13,00:58:00,19,Brasília,DF,Boleto,E-book: Como Investir do Zero ao Primeiro Investimento,10.0,2.3
2024-09-12,18:54:00,34,Rio de Janeiro,RJ,Cartão de Crédito,E-book: Como Investir do Zero ao Primeiro Investimento,10.0,2.3
2024-11-04,00:00:00,55,Recife,PE,Cartão de Crédito,E-book: Como Investir do Zero ao Primeiro Investimento,10.0,2.3
2024-11-25,21:09:00,57,Porto Alegre,RS,Boleto,E-book: Como Investir do Zero ao Primeiro Investimento,10.0,2.3
2024-12-10,18:59:00,60,São Paulo,SP,Pix,E-book: Como Investir do Zero ao Primeiro Investimento,10.0,2.3
2024-09-18,06:21:00,47,Porto Alegre,RS,Boleto,E-book: Como Investir do Zero ao Primeiro Investimento,10.0,2.3
2024-05-11,16:01:00,27,Brasília,DF,Cartão de Crédito,E-book: Como Investir do Zero ao Primeiro Investimento,10.0,2.3
2024-09-23,02:19:00,38,Curitiba,PR,Pix,E-book: Como Investir do Zero ao Primeiro Investimento,10.0,2.3
2024-12-18,15:27:00,57,Manaus,AM,Boleto,E-book: Como Investir do Zero ao Primeiro Investimento,10.0,2.3
2024-07-11,23:02:00,60,Brasília,DF,Cartão de Crédito,E-book: Como Investir do Zero ao Primeiro Investimento,10.0,2.3
2024-07-04,02:13:00,60,Porto Alegre,RS,Cartão de Crédito,E-book: Como Investir do Zero ao Primeiro Investimento,10.0,2.3
2024-09-16,01:44:00,34,Recife,PE,Boleto,E-book: Como Investir do Zero ao Primeiro Investimento,10.0,2.3
2024-12-20,18:16:00,64,Salvador,BA,Boleto,E-book: Como Investir do Zero ao Primeiro Investimento,10.0,2.3
2024-08-19,22:29:00,49,Recife,PE,Cartão de Crédito,E-book: Como Investir do Zero ao Primeiro Investimento,10.0,2.3
2024-06-23,03:14:00,30,Fortaleza,CE,Cartão de Crédito,E-book: Como Investir do Zero ao Primeiro Investimento,10.0,2.3
2024-07-19,19:32:00,32,Recife,PE,Pix,E-book: Como Investir do Zero ao Primeiro Investimento,10.0,2.3
2024-06-01,15:56:00,33,São Paulo,SP,Pix,E-book: Como Investir do Zero ao Primeiro Investimento,10.0,2.3
2024-12-21,07:24:00,23,Manaus,AM,Cartão de Crédito,E-book: Como Investir do Zero ao Primeiro Investimento,10.0,2.3
2024-02-13,02:06:00,21,Brasília,DF,Boleto,E-book: Como Investir do Zero ao Primeiro Investimento,10.0,2.3
2024-10-01,21:05:00,22,Fortaleza,CE,Pix,E-book: Como Investir do Zero ao Primeiro Investimento,10.0,2.3
2024-04-08,10:00:00,44,Belo Horizonte,MG,Boleto,E-book: Como Investir do Zero ao Primeiro Investimento,10.0,2.3
2024-04-19,15:52:00,49,Rio de Janeiro,RJ,Cartão de Crédito,E-book: Como Investir do Zero ao Primeiro Investimento,10.0,2.3
2024-12-02,02:41:00,20,Recife,PE,Pix,E-book: Como Investir do Zero ao Primeiro Investimento,10.0,2.3
2024-01-07,23:57:00,24,Rio de Janeiro,RJ,Pix,E-book: Como Investir do Zero ao Primeiro Investimento,10.0,2.3
2024-11-17,06:11:00,26,Brasília,DF,Cartão de Crédito,E-book: Como Investir do Zero ao Primeiro Investimento,10.0,2.3
2024-07-16,16:05:00,42,Porto Alegre,RS,Pix,E-book: Como Investir do Zero ao Primeiro Investimento,10.0,2.3
2024-09-04,19:59:00,55,Salvador,BA,Pix,E-book: Como Investir do Zero ao Primeiro Investimento,10.0,2.3
2024-05-18,12:03:00,33,Rio de Janeiro,RJ,Cartão de Crédito,E-book: Como Investir do Zero ao Primeiro Investimento,10.0,2.3
2024-03-05,11:35:00,58,Recife,PE,Cartão de Crédito,E-book: Como Investir do Zero ao Primeiro Investimento,10.0,2.3
2024-08-02,02:46:00,27,São Paulo,SP,Cartão de Crédito,E-book: Como Investir do Zero ao Primeiro Investimento,10.0,2.3
2024-08-24,09:47:00,56,Recife,PE,Boleto,E-book: Como Investir do Zero ao Primeiro Investimento,10.0,2.3
2024-11-09,07:14:00,51,Recife,PE,Pix,E-book: Como Investir do Zero ao Primeiro Investimento,10.0,2.3
2024-07-22,08:25:00,29,Rio de Janeiro,RJ,Boleto,E-book: Como Investir do Zero ao Primeiro Investimento,10.0,2.3
2024-11-27,06:48:00,64,Salvador,BA,Pix,E-book: Como Investir do Zero ao Primeiro Investimento,10.0,2.3
2024-07-24,05:24:00,49,Belo Horizonte,MG,Pix,E-book: Como Investir do Zero ao Primeiro Investimento,10.0,2.3
2024-03-14,22:08:00,64,São Paulo,SP,Cartão de Crédito,E-book: Como Investir do Zero ao Primeiro Investimento,10.0,2.3
2024-05-13,03:18:00,60,Recife,PE,Cartão de Crédito,E-book: Como Investir do Zero ao Primeiro Investimento,10.0,2.3
2024-08-20,21:16:00,62,Belo Horizonte,MG,Boleto,E-book: Como Investir do Zero ao Primeiro Investimento,10.0,2.3
2024-02-01,04:18:00,46,Belo Horizonte,MG,Pix,E-book: Como Investir do Zero ao Primeiro Investimento,10.0,2.3
2024-12-06,15:29:00,50,Brasília,DF,Pix,E-book: Como Investir do Zero ao Primeiro Investimento,10.0,2.3
2024-10-14,03:47:00,24,Belo Horizonte,MG,Pix,E-book: Como Investir do Zero ao Primeiro Investimento,10.0,2.3
2024-08-23,16:19:00,53,Manaus,AM,Pix,E-book: Como Investir do Zero ao Primeiro Investimento,10.0,2.3
2024-11-08,00:41:00,23,Recife,PE,Cartão de Crédito,E-book: Como Investir do Zero ao Primeiro Investimento,10.0,2.3
2024-10-20,10:35:00,28,Curitiba,PR,Boleto,E-book: Como Investir do Zero ao Primeiro Investimento,10.0,2.3
2024-08-25,22:15:00,58,Salvador,BA,Cartão de Crédito,E-book: Como Investir do Zero ao Primeiro Investimento,10.0,2.3
2024-11-12,11:19:00,25,São Paulo,SP,Pix,E-book: Mentalidade Milionária,19.9,3.0
2024-11-06,16:05:00,64,Recife,PE,Pix,E-book: Mentalidade Milionária,19.9,3.0
2024-02-02,23:47:00,29,Rio de Janeiro,RJ,Cartão de Crédito,E-book: Mentalidade Milionária,19.9,3.0
2024-11-06,06:10:00,63,Recife,PE,Pix,E-book: Mentalidade Milionária,19.9,3.0
2024-12-24,21:07:00,28,Rio de Janeiro,RJ,Cartão de Crédito,E-book: Mentalidade Milionária,19.9,3.0
2024-02-05,04:42:00,61,Porto Alegre,RS,Boleto,E-book: Mentalidade Milionária,19.9,3.0
2024-09-22,10:51:00,33,Porto Alegre,RS,Cartão de Crédito,E-book: Mentalidade Milionária,19.9,3.0
2024-02-02,09:52:00,62,Recife,PE,Pix,E-book: Mentalidade Milionária,19.9,3.0
2024-12-04,03:02:00,47,Salvador,BA,Cartão de Crédito,E-book: Mentalidade Milionária,19.9,3.0
2024-03-03,05:33:00,31,Porto Alegre,RS,Boleto,E-book: Mentalidade Milionária,19.9,3.0
2024-04-25,02:51:00,40,Salvador,BA,Boleto,E-book: Mentalidade Milionária,19.9,3.0
2024-07-07,06:58:00,34,Manaus,AM,Boleto,E-book: Mentalidade Milionária,19.9,3.0
2024-10-19,10:54:00,40,Porto Alegre,RS,Pix,E-book: Mentalidade Milionária,19.9,3.0
2024-12-04,18:12:00,36,Salvador,BA,Pix,E-book: Mentalidade Milionária,19.9,3.0
2024-02-14,09:00:00,25,Rio de Janeiro,RJ,Cartão de Crédito,E-book: Mentalidade Milionária,19.9,3.0
2024-06-25,23:53:00,47,Fortaleza,CE,Cartão de Crédito,E-book: Mentalidade Milionária,19.9,3.0
2024-08-22,18:22:00,36,Curitiba,PR,Boleto,E-book: Mentalidade Milionária,19.9,3.0
2024-12-07,14:37:00,65,Porto Alegre,RS,Boleto,E-book: Mentalidade Milionária,19.9,3.0
2024-12-16,01:24:00,36,Recife,PE,Cartão de Crédito,E-book: Mentalidade Milionária,19.9,3.0
2024-01-04,06:03:00,38,Manaus,AM,Pix,E-book: Mentalidade Milionária,19.9,3.0
2024-07-23,01:00:00,50,Brasília,DF,Cartão de Crédito,E-book: Mentalidade Milionária,19.9,3.0
2024-07-13,14:14:00,26,Salvador,BA,Pix,E-book: Mentalidade Milionária,19.9,3.0
2024-08-17,01:32:00,23,Manaus,AM,Boleto,E-book: Mentalidade Milionária,19.9,3.0
2024-01-28,05:12:00,54,São Paulo,SP,Cartão de Crédito,E-book: Mentalidade Milionária,19.9,3.0
2024-11-14,18:05:00,23,Recife,PE,Pix,E-book: Mentalidade Milionária,19.9,3.0
2024-01-11,13:03:00,18,Brasília,DF,Cartão de Crédito,E-book: Mentalidade Milionária,19.9,3.0
2024-10-23,21:48:00,57,São Paulo,SP,Pix,E-book: Mentalidade Milionária,19.9,3.0
2024-10-20,19:52:00,52,Brasília,DF,Pix,E-book: Mentalidade Milionária,19.9,3.0
2024-03-22,21:09:00,46,Belo Horizonte,MG,Cartão de Crédito,E-book: Mentalidade Milionária,19.9,3.0
2024-05-16,10:41:00,54,Brasília,DF,Cartão de Crédito,E-book: Mentalidade Milionária,19.9,3.0
2024-05-26,13:53:00,37,Fortaleza,CE,Pix,E-book: Mentalidade Milionária,19.9,3.0
2024-11-06,04:34:00,65,Salvador,BA,Pix,E-book: Mentalidade Milionária,19.9,3.0
2024-03-18,03:15:00,19,Curitiba,PR,Cartão de Crédito,E-book: Mentalidade Milionária,19.9,3.0
2024-09-07,12:31:00,21,Salvador,BA,Pix,E-book: Mentalidade Milionária,19.9,3.0
2024-01-21,09:29:00,51,Manaus,AM,Cartão de Crédito,E-book: Mentalidade Milionária,19.9,3.0
2024-05-25,11:42:00,55,Manaus,AM,Pix,E-book: Mentalidade Milionária,19.9,3.0
2024-12-21,11:01:00,33,Recife,PE,Pix,E-book: Mentalidade Milionária,19.9,3.0
2024-10-14,09:53:00,58,São Paulo,SP,Boleto,E-book: Mentalidade Milionária,19.9,3.0
2024-07-27,03:39:00,31,Recife,PE,Cartão de Crédito,E-book: Mentalidade Milionária,19.9,3.0
2024-11-02,10:27:00,40,Fortaleza,CE,Boleto,E-book: Mentalidade Milionária,19.9,3.0
2024-06-08,17:39:00,19,Porto Alegre,RS,Boleto,E-book: Mentalidade Milionária,19.9,3.0
2024-05-01,07:26:00,31,Manaus,AM,Boleto,E-book: Mentalidade Milionária,19.9,3.0
2024-07-08,00:23:00,59,Belo Horizonte,MG,Pix,E-book: Mentalidade Milionária,19.9,3.0
2024-07-19,04:42:00,21,Belo Horizonte,MG,Boleto,E-book: Mentalidade Milionária,19.9,3.0
2024-02-18,01:41:00,47,Salvador,BA,Cartão de Crédito,E-book: Mentalidade Milionária,19.9,3.0
2024-04-03,20:52:00,45,Belo Horizonte,MG,Pix,E-book: Mentalidade Milionária,19.9,3.0
2024-02-25,12:51:00,24,Porto Alegre,RS,Boleto,E-book: Mentalidade Milionária,19.9,3.0
2024-11-21,01:47:00,46,São Paulo,SP,Pix,E-book: Mentalidade Milionária,19.9,3.0
2024-06-21,20:53:00,29,Belo Horizonte,MG,Pix,E-book: Mentalidade Milionária,19.9,3.0
2024-02-12,02:28:00,50,Porto Alegre,RS,Boleto,E-book: Mentalidade Milionária,19.9,3.0
2024-09-13,23:26:00,24,São Paulo,SP,Pix,E-book: Mentalidade Milionária,19.9,3.0
2024-07-12,02:23:00,24,Belo Horizonte,MG,Cartão de Crédito,E-book: Mentalidade Milionária,19.9,3.0
2024-04-09,21:11:00,60,Curitiba,PR,Cartão de Crédito,E-book: Mentalidade Milionária,19.9,3.0
2024-08-05,04:45:00,27,Salvador,BA,Boleto,E-book: Mentalidade Milionária,19.9,3.0
2024-11-05,15:11:00,51,São Paulo,SP,Boleto,E-book: Mentalidade Milionária,19.9,3.0
2024-04-23,19:19:00,61,São Paulo,SP,Pix,E-book: Mentalidade Milionária,19.9,3.0
2024-11-26,22:07:00,52,Brasília,DF,Cartão de Crédito,E-book: Mentalidade Milionária,19.9,3.0
2024-12-16,14:24:00,26,Manaus,AM,Boleto,E-book: Mentalidade Milionária,19.9,3.0
2024-01-13,03:15:00,27,Manaus,AM,Pix,E-book: Mentalidade Milionária,19.9,3.0
2024-04-24,06:49:00,45,Fortaleza,CE,Boleto,E-book: Mentalidade Milionária,19.9,3.0
2024-01-23,00:59:00,42,Belo Horizonte,MG,Pix,E-book: Mentalidade Milionária,19.9,3.0
2024-12-18,10:01:00,23,Porto Alegre,RS,Cartão de Crédito,E-book: Mentalidade Milionária,19.9,3.0
2024-10-18,07:12:00,56,Salvador,BA,Pix,E-book: Mentalidade Milionária,19.9,3.0
2024-10-08,05:43:00,57,Curitiba,PR,Cartão de Crédito,E-book: Mentalidade Milionária,19.9,3.0
2024-09-03,00:47:00,47,Porto Alegre,RS,Boleto,E-book: Mentalidade Milionária,19.9,3.0
2024-08-17,22:15:00,29,Curitiba,PR,Pix,E-book: Mentalidade Milionária,19.9,3.0
2024-05-16,04:37:00,30,Recife,PE,Pix,E-book: Mentalidade Milionária,19.9,3.0
2024-11-12,18:10:00,28,Brasília,DF,Boleto,E-book: Mentalidade Milionária,19.9,3.0
2024-02-20,11:38:00,19,Brasília,DF,Pix,E-book: Mentalidade Milionária,19.9,3.0
2024-03-19,12:51:00,44,Rio de Janeiro,RJ,Pix,E-book: Mentalidade Milionária,19.9,3.0
2024-01-18,23:27:00,65,Fortaleza,CE,Boleto,E-book: Mentalidade Milionária,19.9,3.0
2024-07-09,19:08:00,31,Manaus,AM,Cartão de Crédito,E-book: Mentalidade Milionária,19.9,3.0
2024-09-13,03:40:00,50,Fortaleza,CE,Cartão de Crédito,E-book: Mentalidade Milionária,19.9,3.0
2024-05-19,06:37:00,32,Recife,PE,Pix,E-book: Mentalidade Milionária,19.9,3.0
2024-04-08,05:25:00,60,Brasília,DF,Pix,E-book: Mentalidade Milionária,19.9,3.0
2024-05-07,04:04:00,52,Porto Alegre,RS,Boleto,E-book: Mentalidade Milionária,19.9,3.0
2024-02-06,05:18:00,62,Salvador,BA,Pix,E-book: Mentalidade Milionária,19.9,3.0
2024-09-03,18:21:00,63,Fortaleza,CE,Pix,E-book: Mentalidade Milionária,19.9,3.0
2024-08-04,11:57:00,37,Rio de Janeiro,RJ,Cartão de Crédito,E-book: Mentalidade Milionária,19.9,3.0
2024-05-21,00:02:00,22,Brasília,DF,Boleto,E-book: Mentalidade Milionária,19.9,3.0
2024-10-09,16:30:00,19,Recife,PE,Pix,E-book: Mentalidade Milionária,19.9,3.0
2024-10-03,13:49:00,45,Belo Horizonte,MG,Cartão de Crédito,E-book: Mentalidade Milionária,19.9,3.0
2024-12-12,00:10:00,22,São Paulo,SP,Cartão de Crédito,E-book: Mentalidade Milionária,19.9,3.0
2024-02-21,07:58:00,32,Curitiba,PR,Cartão de Crédito,E-book: Mentalidade Milionária,19.9,3.0
2024-04-22,03:13:00,27,São Paulo,SP,Boleto,E-book: Mentalidade Milionária,19.9,3.0
2024-10-26,16:30:00,31,Belo Horizonte,MG,Boleto,E-book: Mentalidade Milionária,19.9,3.0
2024-12-01,12:02:00,64,São Paulo,SP,Cartão de Crédito,E-book: Mentalidade Milionária,19.9,3.0
2024-10-14,19:27:00,22,Fortaleza,CE,Boleto,E-book: Mentalidade Milionária,19.9,3.0
2024-09-10,01:51:00,61,Recife,PE,Cartão de Crédito,E-book: Mentalidade Milionária,19.9,3.0
2024-06-10,08:25:00,40,Rio de Janeiro,RJ,Boleto,E-book: Mentalidade Milionária,19.9,3.0
2024-02-27,13:14:00,65,Curitiba,PR,Cartão de Crédito,E-book: Mentalidade Milionária,19.9,3.0
2024-01-22,20:52:00,31,Fortaleza,CE,Boleto,E-book: Mentalidade Milionária,19.9,3.0
2024-11-26,20:36:00,29,Belo Horizonte,MG,Boleto,E-book: Mentalidade Milionária,19.9,3.0
2024-02-14,15:00:00,21,Rio de Janeiro,RJ,Boleto,E-book: Mentalidade Milionária,19.9,3.0
2024-12-02,22:31:00,44,Porto Alegre,RS,Cartão de Crédito,E-book: Mentalidade Milionária,19.9,3.0
2024-12-13,01:06:00,36,Fortaleza,CE,Boleto,E-book: Mentalidade Milionária,19.9,3.0
2024-11-02,08:33:00,59,Curitiba,PR,Pix,E-book: Mentalidade Milionária,19.9,3.0
2024-02-21,09:51:00,35,São Paulo,SP,Boleto,E-book: Mentalidade Milionária,19.9,3.0
2024-06-11,09:32:00,18,Curitiba,PR,Boleto,E-book: Mentalidade Milionária,19.9,3.0
2024-08-02,03:04:00,53,Belo Horizonte,MG,Boleto,E-book: Mentalidade Milionária,19.9,3.0
2024-10-10,00:03:00,18,Porto Alegre,RS,Pix,E-book: Mentalidade Milionária,19.9,3.0
2024-09-02,15:00:00,25,Belo Horizonte,MG,Boleto,E-book: Mentalidade Milionária,19.9,3.0
2024-05-02,10:20:00,47,Porto Alegre,RS,Pix,E-book: Mentalidade Milionária,19.9,3.0
2024-03-28,15:36:00,39,Manaus,AM,Boleto,E-book: Mentalidade Milionária,19.9,3.0
2024-11-12,13:14:00,46,Belo Horizonte,MG,Cartão de Crédito,E-book: Mentalidade Milionária,19.9,3.0
2024-06-02,20:08:00,51,Manaus,AM,Pix,E-book: Mentalidade Milionária,19.9,3.0
2024-12-15,08:20:00,63,Recife,PE,Cartão de Crédito,E-book: Mentalidade Milionária,19.9,3.0
2024-03-16,00:46:00,38,Porto Alegre,RS,Boleto,E-book: Mentalidade Milionária,19.9,3.0
2024-12-17,08:08:00,32,Manaus,AM,Boleto,E-book: Mentalidade Milionária,19.9,3.0
2024-07-20,13:55:00,39,Rio de Janeiro,RJ,Cartão de Crédito,E-book: Mentalidade Milionária,19.9,3.0
2024-12-04,14:52:00,32,Curitiba,PR,Cartão de Crédito,E-book: Mentalidade Milionária,19.9,3.0
2024-07-22,17:34:00,35,Manaus,AM,Boleto,E-book: Mentalidade Milionária,19.9,3.0
2024-11-03,22:24:00,33,Curitiba,PR,Pix,E-book: Mentalidade Milionária,19.9,3.0
2024-12-16,21:53:00,28,São Paulo,SP,Boleto,E-book: Mentalidade Milionária,19.9,3.0
2024-05-20,03:44:00,48,Recife,PE,Boleto,E-book: Mentalidade Milionária,19.9,3.0
2024-08-24,18:22:00,33,Fortaleza,CE,Boleto,E-book: Mentalidade Milionária,19.9,3.0
2024-08-14,03:53:00,65,Curitiba,PR,Cartão de Crédito,E-book: Mentalidade Milionária,19.9,3.0
2024-02-21,22:36:00,42,Fortaleza,CE,Boleto,E-book: Mentalidade Milionária,19.9,3.0
2024-11-02,04:14:00,23,Salvador,BA,Pix,E-book: Mentalidade Milionária,19.9,3.0
2024-01-21,19:42:00,56,Brasília,DF,Pix,E-book: Mentalidade Milionária,19.9,3.0
2024-09-16,06:30:00,29,Curitiba,PR,Boleto,E-book: Mentalidade Milionária,19.9,3.0
2024-03-02,04:33:00,65,Brasília,DF,Pix,E-book: Mentalidade Milionária,19.9,3.0
2024-07-28,08:51:00,31,Salvador,BA,Cartão de Crédito,E-book: Mentalidade Milionária,19.9,3.0
2024-03-12,17:14:00,26,Rio de Janeiro,RJ,Pix,E-book: Mentalidade Milionária,19.9,3.0
2024-08-01,15:14:00,20,Porto Alegre,RS,Cartão de Crédito,E-book: Mentalidade Milionária,19.9,3.0
2024-01-09,04:52:00,61,Belo Horizonte,MG,Boleto,E-book: Mentalidade Milionária,19.9,3.0
2024-04-09,01:42:00,43,Rio de Janeiro,RJ,Boleto,E-book: Mentalidade Milionária,19.9,3.0
2024-04-23,23:04:00,49,Salvador,BA,Cartão de Crédito,Curso: Segredos dos Investidores de Sucesso,29.9,4.6
2024-07-26,06:04:00,40,São Paulo,SP,Cartão de Crédito,Curso: Segredos dos Investidores de Sucesso,29.9,4.6
2024-03-18,19:24:00,46,Curitiba,PR,Boleto,Curso: Segredos dos Investidores de Sucesso,29.9,4.6
2024-01-10,01:37:00,31,Curitiba,PR,Pix,Curso: Segredos dos Investidores de Sucesso,29.9,4.6
2024-05-24,14:50:00,56,Belo Horizonte,MG,Cartão de Crédito,Curso: Segredos dos Investidores de Sucesso,29.9,4.6
2024-08-10,18:47:00,24,Fortaleza,CE,Cartão de Crédito,Curso: Segredos dos Investidores de Sucesso,29.9,4.6
2024-03-16,10:59:00,29,São Paulo,SP,Pix,Curso: Segredos dos Investidores de Sucesso,29.9,4.6
2024-04-07,05:05:00,24,Manaus,AM,Cartão de Crédito,Curso: Segredos dos Investidores de Sucesso,29.9,4.6
2024-02-14,23:35:00,51,Salvador,BA,Cartão de Crédito,Curso: Segredos dos Investidores de Sucesso,29.9,4.6
2024-06-13,09:06:00,21,Porto Alegre,RS,Boleto,Curso: Segredos dos Investidores de Sucesso,29.9,4.6
2024-03-27,10:02:00,53,Belo Horizonte,MG,Pix,Curso: Segredos dos Investidores de Sucesso,29.9,4.6
2024-01-27,08:14:00,36,Porto Alegre,RS,Pix,Curso: Segredos dos Investidores de Sucesso,29.9,4.6
2024-07-26,09:15:00,52,Belo Horizonte,MG,Boleto,Curso: Segredos dos Investidores de Sucesso,29.9,4.6
2024-07-10,06:36:00,33,Porto Alegre,RS,Pix,Curso: Segredos dos Investidores de Sucesso,29.9,4.6
2024-05-27,17:58:00,56,Curitiba,PR,Pix,Curso: Segredos dos Investidores de Sucesso,29.9,4.6
2024-04-11,12:18:00,57,Belo Horizonte,MG,Boleto,Curso: Segredos dos Investidores de Sucesso,29.9,4.6
2024-10-11,20:08:00,57,Recife,PE,Boleto,Curso: Segredos dos Investidores de Sucesso,29.9,4.6
2024-08-13,16:51:00,43,Belo Horizonte,MG,Pix,Curso: Segredos dos Investidores de Sucesso,29.9,4.6
2024-01-26,16:59:00,65,Rio de Janeiro,RJ,Cartão de Crédito,Curso: Segredos dos Investidores de Sucesso,29.9,4.6
2024-05-03,06:38:00,56,Belo Horizonte,MG,Boleto,Curso: Segredos dos Investidores de Sucesso,29.9,4.6
2024-06-04,15:28:00,18,Curitiba,PR,Pix,Curso: Segredos dos Investidores de Sucesso,29.9,4.6
2024-10-04,18:39:00,29,Salvador,BA,Boleto,Curso: Segredos dos Investidores de Sucesso,29.9,4.6
2024-09-22,05:23:00,64,Belo Horizonte,MG,Cartão de Crédito,Curso: Segredos dos Investidores de Sucesso,29.9,4.6
2024-09-18,02:01:00,57,Curitiba,PR,Boleto,Curso: Segredos dos Investidores de Sucesso,29.9,4.6
2024-06-23,09:48:00,44,Fortaleza,CE,Pix,Curso: Segredos dos Investidores de Sucesso,29.9,4.6
2024-04-19,11:22:00,53,Salvador,BA,Boleto,Curso: Segredos dos Investidores de Sucesso,29.9,4.6
2024-07-03,04:43:00,31,Curitiba,PR,Cartão de Crédito,Curso: Segredos dos Investidores de Sucesso,29.9,4.6
2024-06-22,03:23:00,46,Curitiba,PR,Boleto,Curso: Segredos dos Investidores de Sucesso,29.9,4.6
2024-01-28,09:24:00,26,Brasília,DF,Boleto,Curso: Segredos dos Investidores de Sucesso,29.9,4.6
2024-01-26,08:12:00,29,Porto Alegre,RS,Boleto,Curso: Segredos dos Investidores de Sucesso,29.9,4.6
2024-05-10,23:04:00,63,Recife,PE,Boleto,Curso: Segredos dos Investidores de Sucesso,29.9,4.6
2024-08-15,20:57:00,52,Manaus,AM,Cartão de Crédito,Curso: Segredos dos Investidores de Sucesso,29.9,4.6
2024-04-16,09:19:00,45,Manaus,AM,Boleto,Curso: Segredos dos Investidores de Sucesso,29.9,4.6
2024-01-19,00:13:00,55,Salvador,BA,Boleto,Curso: Segredos dos Investidores de Sucesso,29.9,4.6
2024-08-13,18:05:00,65,Belo Horizonte,MG,Boleto,Curso: Segredos dos Investidores de Sucesso,29.9,4.6
2024-01-23,12:21:00,63,Rio de Janeiro,RJ,Cartão de Crédito,Curso: Segredos dos Investidores de Sucesso,29.9,4.6
2024-10-27,05:18:00,48,São Paulo,SP,Boleto,Curso: Segredos dos Investidores de Sucesso,29.9,4.6
2024-11-18,12:51:00,32,Brasília,DF,Pix,Curso: Segredos dos Investidores de Sucesso,29.9,4.6
2024-02-24,09:29:00,32,Brasília,DF,Cartão de Crédito,Curso: Segredos dos Investidores de Sucesso,29.9,4.6
2024-03-04,08:35:00,49,Salvador,BA,Cartão de Crédito,Curso: Segredos dos Investidores de Sucesso,29.9,4.6
2024-02-12,20:47:00,32,Belo Horizonte,MG,Pix,Curso: Segredos dos Investidores de Sucesso,29.9,4.6
2024-02-13,11:59:00,61,Porto Alegre,RS,Boleto,Curso: Segredos dos Investidores de Sucesso,29.9,4.6
2024-03-09,13:16:00,28,São Paulo,SP,Pix,Curso: Segredos dos Investidores de Sucesso,29.9,4.6
2024-01-14,16:16:00,35,Recife,PE,Pix,Curso: Segredos dos Investidores de Sucesso,29.9,4.6
2024-12-23,07:22:00,20,São Paulo,SP,Boleto,Curso: Segredos dos Investidores de Sucesso,29.9,4.6
2024-05-19,19:29:00,60,Rio de Janeiro,RJ,Boleto,Curso: Segredos dos Investidores de Sucesso,29.9,4.6
2024-02-27,12:04:00,19,Recife,PE,Cartão de Crédito,Curso: Segredos dos Investidores de Sucesso,29.9,4.6
2024-12-03,18:17:00,35,Manaus,AM,Pix,Curso: Segredos dos Investidores de Sucesso,29.9,4.6
2024-12-28,14:57:00,30,Rio de Janeiro,RJ,Cartão de Crédito,Curso: Segredos dos Investidores de Sucesso,29.9,4.6
2024-04-07,13:00:00,65,Rio de Janeiro,RJ,Boleto,Curso: Segredos dos Investidores de Sucesso,29.9,4.6
2024-02-12,05:16:00,47,Salvador,BA,Cartão de Crédito,Curso: Segredos dos Investidores de Sucesso,29.9,4.6
2024-04-02,10:43:00,39,Manaus,AM,Boleto,Curso: Segredos dos Investidores de Sucesso,29.9,4.6
2024-04-15,10:18:00,37,São Paulo,SP,Cartão de Crédito,Curso: Segredos dos Investidores de Sucesso,29.9,4.6
2024-12-15,15:30:00,20,Belo Horizonte,MG,Cartão de Crédito,Curso: Segredos dos Investidores de Sucesso,29.9,4.6
2024-02-27,03:35:00,35,Salvador,BA,Cartão de Crédito,Curso: Segredos dos Investidores de Sucesso,29.9,4.6
2024-02-23,16:28:00,63,Recife,PE,Cartão de Crédito,Curso: Segredos dos Investidores de Sucesso,29.9,4.6
2024-06-16,17:25:00,31,Rio de Janeiro,RJ,Boleto,Curso: Segredos dos Investidores de Sucesso,29.9,4.6
2024-07-17,13:29:00,22,Salvador,BA,Pix,Curso: Segredos dos Investidores de Sucesso,29.9,4.6
2024-03-25,18:40:00,32,Curitiba,PR,Boleto,Curso: Segredos dos Investidores de Sucesso,29.9,4.6
2024-10-16,07:34:00,56,Belo Horizonte,MG,Pix,Curso: Segredos dos Investidores de Sucesso,29.9,4.6
2024-01-14,08:07:00,31,Porto Alegre,RS,Boleto,Curso: Segredos dos Investidores de Sucesso,29.9,4.6
2024-11-04,20:44:00,23,Rio de Janeiro,RJ,Pix,Curso: Segredos dos Investidores de Sucesso,29.9,4.6
2024-03-11,03:28:00,42,Rio de Janeiro,RJ,Boleto,Curso: Segredos dos Investidores de Sucesso,29.9,4.6
2024-06-02,03:03:00,36,Recife,PE,Boleto,Curso: Segredos dos Investidores de Sucesso,29.9,4.6
2024-08-16,17:49:00,24,Recife,PE,Cartão de Crédito,Curso: Segredos dos Investidores de Sucesso,29.9,4.6
2024-07-04,04:39:00,61,Brasília,DF,Pix,Curso: Segredos dos Investidores de Sucesso,29.9,4.6
2024-03-15,12:06:00,47,Brasília,DF,Cartão de Crédito,Curso: Segredos dos Investidores de Sucesso,29.9,4.6
2024-01-24,15:17:00,65,Rio de Janeiro,RJ,Cartão de Crédito,Curso: Segredos dos Investidores de Sucesso,29.9,4.6
2024-06-03,22:57:00,57,Brasília,DF,Cartão de Crédito,Curso: Segredos dos Investidores de Sucesso,29.9,4.6
2024-01-08,14:18:00,32,Porto Alegre,RS,Pix,Curso: Segredos dos Investidores de Sucesso,29.9,4.6
2024-09-20,16:20:00,25,Brasília,DF,Boleto,Curso: Segredos dos Investidores de Sucesso,29.9,4.6
2024-07-19,07:27:00,28,Brasília,DF,Pix,Curso: Segredos dos Investidores de Sucesso,29.9,4.6
2024-09-08,03:49:00,33,Curitiba,PR,Boleto,Curso: Segredos dos Investidores de Sucesso,29.9,4.6
2024-05-20,02:38:00,40,Recife,PE,Pix,Curso: Segredos dos Investidores de Sucesso,29.9,4.6
2024-09-01,07:39:00,45,Brasília,DF,Cartão de Crédito,Curso: Segredos dos Investidores de Sucesso,29.9,4.6
2024-05-03,05:00:00,54,Curitiba,PR,Cartão de Crédito,Curso: Segredos dos Investidores de Sucesso,29.9,4.6
2024-01-10,16:36:00,53,São Paulo,SP,Pix,Curso: Segredos dos Investidores de Sucesso,29.9,4.6
2024-12-09,12:30:00,20,Manaus,AM,Cartão de Crédito,Curso: Segredos dos Investidores de Sucesso,29.9,4.6
2024-07-06,11:11:00,47,Fortaleza,CE,Pix,Curso: Segredos dos Investidores de Sucesso,29.9,4.6
2024-05-20,04:43:00,43,Rio de Janeiro,RJ,Pix,Curso: Segredos dos Investidores de Sucesso,29.9,4.6
2024-07-19,15:26:00,30,Belo Horizonte,MG,Boleto,Curso: Segredos dos Investidores de Sucesso,29.9,4.6
2024-08-08,18:28:00,36,São Paulo,SP,Cartão de Crédito,Curso: Segredos dos Investidores de Sucesso,29.9,4.6
2024-09-13,04:26:00,48,Rio de Janeiro,RJ,Boleto,Curso: Segredos dos Investidores de Sucesso,29.9,4.6
2024-12-20,19:25:00,42,Belo Horizonte,MG,Boleto,Curso: Segredos dos Investidores de Sucesso,29.9,4.6
2024-02-08,12:52:00,62,Manaus,AM,Boleto,Curso: Segredos dos Investidores de Sucesso,29.9,4.6
2024-04-18,06:59:00,30,Manaus,AM,Pix,Curso: Segredos dos Investidores de Sucesso,29.9,4.6
2024-04-09,03:06:00,41,Rio de Janeiro,RJ,Cartão de Crédito,Curso: Segredos dos Investidores de Sucesso,29.9,4.6
2024-04-10,16:47:00,40,Curitiba,PR,Pix,Curso: Segredos dos Investidores de Sucesso,29.9,4.6
2024-03-08,18:37:00,51,Fortaleza,CE,Pix,Curso: Segredos dos Investidores de Sucesso,29.9,4.6
2024-03-23,19:07:00,38,Rio de Janeiro,RJ,Cartão de Crédito,Curso: Segredos dos Investidores de Sucesso,29.9,4.6
2024-10-08,02:18:00,47,Fortaleza,CE,Cartão de Crédito,Curso: Segredos dos Investidores de Sucesso,29.9,4.6
2024-04-07,10:59:00,64,Recife,PE,Pix,Curso: Segredos dos Investidores de Sucesso,29.9,4.6
2024-08-11,12:35:00,42,Porto Alegre,RS,Pix,Curso: Segredos dos Investidores de Sucesso,29.9,4.6
2024-12-04,05:16:00,51,Brasília,DF,Cartão de Crédito,Curso: Segredos dos Investidores de Sucesso,29.9,4.6
2024-11-19,04:00:00,18,Salvador,BA,Cartão de Crédito,Curso: Segredos dos Investidores de Sucesso,29.9,4.6
2024-09-27,12:38:00,59,Belo Horizonte,MG,Cartão de Crédito,Curso: Segredos dos Investidores de Sucesso,29.9,4.6
2024-04-07,12:44:00,21,Curitiba,PR,Cartão de Crédito,Curso: Segredos dos Investidores de Sucesso,29.9,4.6
2024-09-08,11:10:00,38,Curitiba,PR,Boleto,Curso: Segredos dos Investidores de Sucesso,29.9,4.6
2024-02-02,07:37:00,34,Salvador,BA,Boleto,Curso: Segredos dos Investidores de Sucesso,29.9,4.6
2024-10-15,23:59:00,58,Rio de Janeiro,RJ,Pix,Curso: Segredos dos Investidores de Sucesso,29.9,4.6
2024-07-11,08:30:00,60,Belo Horizonte,MG,Boleto,Curso: Segredos dos Investidores de Sucesso,29.9,4.6
2024-06-06,16:13:00,37,São Paulo,SP,Pix,Curso: Segredos dos Investidores de Sucesso,29.9,4.6
2024-07-09,14:04:00,42,Curitiba,PR,Boleto,Curso: Segredos dos Investidores de Sucesso,29.9,4.6
2024-08-17,17:48:00,27,Manaus,AM,Pix,Curso: Segredos dos Investidores de Sucesso,29.9,4.6
2024-01-09,14:56:00,34,Porto Alegre,RS,Cartão de Crédito,Curso: Segredos dos Investidores de Sucesso,29.9,4.6
2024-03-05,09:10:00,65,Curitiba,PR,Cartão de Crédito,Curso: Segredos dos Investidores de Sucesso,29.9,4.6
2024-01-25,15:39:00,55,Manaus,AM,Boleto,Curso: Segredos dos Investidores de Sucesso,29.9,4.6
2024-07-14,22:57:00,52,São Paulo,SP,Pix,Curso: Segredos dos Investidores de Sucesso,29.9,4.6
2024-12-27,00:17:00,60,Porto Alegre,RS,Cartão de Crédito,Curso: Segredos dos Investidores de Sucesso,29.9,4.6
2024-05-02,00:00:00,48,Rio de Janeiro,RJ,Cartão de Crédito,Curso: Segredos dos Investidores de Sucesso,29.9,4.6
2024-01-27,10:04:00,27,Recife,PE,Boleto,Curso: Segredos dos Investidores de Sucesso,29.9,4.6
2024-03-01,00:09:00,42,Curitiba,PR,Cartão de Crédito,Curso: Segredos dos Investidores de Sucesso,29.9,4.6
2024-07-09,16:28:00,37,Fortaleza,CE,Pix,Curso: Segredos dos Investidores de Sucesso,29.9,4.6
2024-04-12,21:17:00,24,Brasília,DF,Cartão de Crédito,Curso: Segredos dos Investidores de Sucesso,29.9,4.6
2024-05-23,00:06:00,19,Belo Horizonte,MG,Boleto,Curso: Segredos dos Investidores de Sucesso,29.9,4.6
2024-11-12,03:44:00,60,Recife,PE,Boleto,Curso: Segredos dos Investidores de Sucesso,29.9,4.6
2024-07-14,23:01:00,54,São Paulo,SP,Cartão de Crédito,Curso: Segredos dos Investidores de Sucesso,29.9,4.6
2024-02-25,13:00:00,48,Curitiba,PR,Cartão de Crédito,Curso: Segredos dos Investidores de Sucesso,29.9,4.6
2024-06-03,15:25:00,61,Porto Alegre,RS,Cartão de Crédito,Curso: Segredos dos Investidores de Sucesso,29.9,4.6
2024-10-28,10:01:00,32,Rio de Janeiro,RJ,Cartão de Crédito,Curso: Segredos dos Investidores de Sucesso,29.9,4.6
2024-02-01,08:51:00,18,Rio de Janeiro,RJ,Boleto,Curso: Segredos dos Investidores de Sucesso,29.9,4.6
2024-10-07,15:35:00,56,Salvador,BA,Pix,Curso: Segredos dos Investidores de Sucesso,29.9,4.6
2024-12-17,16:53:00,19,Rio de Janeiro,RJ,Pix,Curso: Segredos dos Investidores de Sucesso,29.9,4.6
2024-07-17,16:29:00,46,Recife,PE,Pix,Curso: Segredos dos Investidores de Sucesso,29.9,4.6
2024-11-19,15:41:00,33,Salvador,BA,Boleto,Curso: Segredos dos Investidores de Sucesso,29.9,4.6
2024-04-04,07:44:00,46,Rio de Janeiro,RJ,Pix,Curso: Segredos dos Investidores de Sucesso,29.9,4.6
2024-05-25,13:31:00,40,Recife,PE,Cartão de Crédito,Curso: Segredos dos Investidores de Sucesso,29.9,4.6
2024-09-17,07:02:00,40,Porto Alegre,RS,Cartão de Crédito,Curso: Segredos dos Investidores de Sucesso,29.9,4.6
2024-08-27,05:24:00,48,São Paulo,SP,Pix,Curso: Segredos dos Investidores de Sucesso,29.9,4.6
2024-01-20,23:19:00,39,Fortaleza,CE,Cartão de Crédito,Curso: Segredos dos Investidores de Sucesso,29.9,4.6
2024-05-16,19:05:00,25,Belo Horizonte,MG,Pix,Curso: Segredos dos Investidores de Sucesso,29.9,4.6
2024-02-10,17:06:00,51,São Paulo,SP,Boleto,Curso: Segredos dos Investidores de Sucesso,29.9,4.6
2024-01-15,14:25:00,23,Curitiba,PR,Boleto,Curso: Segredos dos Investidores de Sucesso,29.9,4.6
2024-12-16,16:33:00,40,Recife,PE,Boleto,Curso: Segredos dos Investidores de Sucesso,29.9,4.6
2024-05-09,07:27:00,42,Salvador,BA,Pix,Curso: Segredos dos Investidores de Sucesso,29.9,4.6
2024-09-04,22:28:00,34,Porto Alegre,RS,Boleto,Curso: Segredos dos Investidores de Sucesso,29.9,4.6
2024-07-15,03:21:00,47,São Paulo,SP,Pix,Curso: Segredos dos Investidores de Sucesso,29.9,4.6
2024-05-06,22:54:00,47,Porto Alegre,RS,Pix,Curso: Segredos dos Investidores de Sucesso,29.9,4.6
2024-03-04,16:54:00,23,São Paulo,SP,Cartão de Crédito,Curso: Segredos dos Investidores de Sucesso,29.9,4.6
2024-02-13,23:21:00,37,Curitiba,PR,Pix,Curso: Segredos dos Investidores de Sucesso,29.9,4.6
2024-01-25,18:40:00,52,Recife,PE,Boleto,Curso: Segredos dos Investidores de Sucesso,29.9,4.6
2024-11-26,03:01:00,21,Brasília,DF,Cartão de Crédito,Curso: Segredos dos Investidores de Sucesso,29.9,4.6
2024-12-10,00:15:00,23,São Paulo,SP,Boleto,Curso: Segredos dos Investidores de Sucesso,29.9,4.6
2024-07-26,14:20:00,31,São Paulo,SP,Pix,Curso: Segredos dos Investidores de Sucesso,29.9,4.6
2024-04-16,17:33:00,56,São Paulo,SP,Boleto,Curso: Segredos dos Investidores de Sucesso,29.9,4.6
2024-09-13,11:37:00,44,Recife,PE,Cartão de Crédito,Pacote de Investimento - Básico,19.9,3.0
2024-09-16,12:24:00,65,São Paulo,SP,Boleto,Pacote de Investimento - Básico,19.9,3.0
2024-07-13,17:14:00,26,Rio de Janeiro,RJ,Pix,Pacote de Investimento - Básico,19.9,3.0
2024-10-04,03:19:00,27,Belo Horizonte,MG,Pix,Pacote de Investimento - Básico,19.9,3.0
2024-02-05,08:06:00,45,Rio de Janeiro,RJ,Cartão de Crédito,Pacote de Investimento - Básico,19.9,3.0
2024-11-11,09:52:00,65,Curitiba,PR,Boleto,Pacote de Investimento - Básico,19.9,3.0
2024-04-24,10:25:00,18,Salvador,BA,Pix,Pacote de Investimento - Básico,19.9,3.0
2024-08-07,08:09:00,28,Brasília,DF,Boleto,Pacote de Investimento - Básico,19.9,3.0
2024-06-10,15:44:00,39,Curitiba,PR,Pix,Pacote de Investimento - Básico,19.9,3.0
2024-04-09,10:05:00,40,Fortaleza,CE,Boleto,Pacote de Investimento - Básico,19.9,3.0
2024-09-16,03:34:00,26,Fortaleza,CE,Boleto,Pacote de Investimento - Básico,19.9,3.0
2024-07-10,12:52:00,44,Belo Horizonte,MG,Pix,Pacote de Investimento - Básico,19.9,3.0
2024-10-17,06:35:00,54,Brasília,DF,Pix,Pacote de Investimento - Básico,19.9,3.0
2024-09-26,01:42:00,55,Salvador,BA,Cartão de Crédito,Pacote de Investimento - Básico,19.9,3.0
2024-01-08,00:54:00,47,Fortaleza,CE,Boleto,Pacote de Investimento - Básico,19.9,3.0
2024-04-04,13:31:00,58,Manaus,AM,Cartão de Crédito,Pacote de Investimento - Básico,19.9,3.0
2024-09-22,15:10:00,51,Belo Horizonte,MG,Cartão de Crédito,Pacote de Investimento - Básico,19.9,3.0
2024-05-11,09:16:00,25,Manaus,AM,Boleto,Pacote de Investimento - Básico,19.9,3.0
2024-06-21,04:26:00,29,Brasília,DF,Cartão de Crédito,Pacote de Investimento - Básico,19.9,3.0
2024-05-13,06:34:00,39,Fortaleza,CE,Boleto,Pacote de Investimento - Básico,19.9,3.0
2024-01-23,06:27:00,60,Manaus,AM,Cartão de Crédito,Pacote de Investimento - Básico,19.9,3.0
2024-01-03,02:30:00,46,Rio de Janeiro,RJ,Pix,Pacote de Investimento - Básico,19.9,3.0
2024-10-21,11:04:00,57,Recife,PE,Boleto,Pacote de Investimento - Básico,19.9,3.0
2024-09-22,02:56:00,52,Brasília,DF,Pix,Pacote de Investimento - Básico,19.9,3.0
2024-05-04,16:32:00,31,Salvador,BA,Cartão de Crédito,Pacote de Investimento - Básico,19.9,3.0
2024-07-14,23:54:00,59,Rio de Janeiro,RJ,Boleto,Pacote de Investimento - Básico,19.9,3.0
2024-10-11,11:43:00,19,Brasília,DF,Boleto,Pacote de Investimento - Básico,19.9,3.0
2024-04-03,22:05:00,31,São Paulo,SP,Pix,Pacote de Investimento - Básico,19.9,3.0
2024-06-21,03:45:00,25,Salvador,BA,Boleto,Pacote de Investimento - Básico,19.9,3.0
2024-01-05,04:54:00,57,Recife,PE,Cartão de Crédito,Pacote de Investimento - Básico,19.9,3.0
2024-12-25,03:08:00,50,Recife,PE,Boleto,Pacote de Investimento - Básico,19.9,3.0
2024-12-25,16:06:00,43,Fortaleza,CE,Cartão de Crédito,Pacote de Investimento - Básico,19.9,3.0
2024-08-21,06:26:00,50,Curitiba,PR,Cartão de Crédito,Pacote de Investimento - Básico,19.9,3.0
2024-07-23,15:26:00,18,Fortaleza,CE,Boleto,Pacote de Investimento - Básico,19.9,3.0
2024-04-11,00:28:00,54,Curitiba,PR,Cartão de Crédito,Pacote de Investimento - Básico,19.9,3.0
2024-08-12,04:52:00,29,São Paulo,SP,Cartão de Crédito,Pacote de Investimento - Básico,19.9,3.0
2024-10-11,17:02:00,20,Rio de Janeiro,RJ,Boleto,Pacote de Investimento - Básico,19.9,3.0
2024-02-05,11:13:00,23,Belo Horizonte,MG,Boleto,Pacote de Investimento - Básico,19.9,3.0
2024-06-14,00:55:00,38,Rio de Janeiro,RJ,Boleto,Pacote de Investimento - Básico,19.9,3.0
2024-07-17,05:07:00,23,Curitiba,PR,Boleto,Pacote de Investimento - Básico,19.9,3.0
2024-01-23,19:44:00,34,Porto Alegre,RS,Boleto,Pacote de Investimento - Básico,19.9,3.0
2024-09-22,16:01:00,46,Porto Alegre,RS,Pix,Pacote de Investimento - Básico,19.9,3.0
2024-04-22,22:09:00,45,Porto Alegre,RS,Pix,Pacote de Investimento - Básico,19.9,3.0
2024-02-09,16:56:00,29,Brasília,DF,Boleto,Pacote de Investimento - Básico,19.9,3.0
2024-12-06,02:25:00,46,Porto Alegre,RS,Pix,Pacote de Investimento - Básico,19.9,3.0
2024-07-08,23:53:00,52,Manaus,AM,Cartão de Crédito,Pacote de Investimento - Básico,19.9,3.0
2024-12-09,18:56:00,58,Salvador,BA,Pix,Pacote de Investimento - Básico,19.9,3.0
2024-07-25,14:50:00,21,Fortaleza,CE,Pix,Pacote de Investimento - Básico,19.9,3.0
2024-05-22,13:27:00,45,Rio de Janeiro,RJ,Cartão de Crédito,Pacote de Investimento - Básico,19.9,3.0
2024-12-07,18:21:00,34,Manaus,AM,Pix,Pacote de Investimento - Básico,19.9,3.0
2024-07-06,17:29:00,58,Belo Horizonte,MG,Boleto,Pacote de Investimento - Básico,19.9,3.0
2024-01-03,10:03:00,24,Recife,PE,Pix,Pacote de Investimento - Básico,19.9,3.0
2024-06-14,03:31:00,28,Manaus,AM,Pix,Pacote de Investimento - Básico,19.9,3.0
2024-03-22,04:14:00,47,Belo Horizonte,MG,Cartão de Crédito,Pacote de Investimento - Básico,19.9,3.0
2024-01-10,12:45:00,51,Rio de Janeiro,RJ,Pix,Pacote de Investimento - Básico,19.9,3.0
2024-01-28,18:30:00,21,Brasília,DF,Cartão de Crédito,Pacote de Investimento - Básico,19.9,3.0
2024-09-08,06:00:00,61,Belo Horizonte,MG,Cartão de Crédito,Pacote de Investimento - Básico,19.9,3.0
2024-04-16,00:49:00,43,Salvador,BA,Boleto,Pacote de Investimento - Básico,19.9,3.0
2024-02-21,02:22:00,59,Salvador,BA,Cartão de Crédito,Pacote de Investimento - Básico,19.9,3.0
2024-08-19,21:21:00,46,Rio de Janeiro,RJ,Cartão de Crédito,Pacote de Investimento - Básico,19.9,3.0
2024-05-15,09:49:00,26,Curitiba,PR,Boleto,Pacote de Investimento - Básico,19.9,3.0
2024-10-05,16:41:00,55,Recife,PE,Cartão de Crédito,Pacote de Investimento - Básico,19.9,3.0
2024-07-14,17:21:00,20,Recife,PE,Cartão de Crédito,Pacote de Investimento - Básico,19.9,3.0
2024-10-14,07:42:00,60,Fortaleza,CE,Pix,Pacote de Investimento - Básico,19.9,3.0
2024-01-23,04:13:00,28,Curitiba,PR,Cartão de Crédito,Pacote de Investimento - Básico,19.9,3.0
2024-10-05,20:38:00,30,Fortaleza,CE,Boleto,Pacote de Investimento - Básico,19.9,3.0
2024-07-28,06:11:00,42,Rio de Janeiro,RJ,Pix,Pacote de Investimento - Básico,19.9,3.0
2024-11-12,11:36:00,26,Manaus,AM,Pix,Pacote de Investimento - Básico,19.9,3.0
2024-11-07,21:23:00,43,Salvador,BA,Boleto,Pacote de Investimento - Básico,19.9,3.0
2024-07-23,23:14:00,40,Belo Horizonte,MG,Boleto,Pacote de Investimento - Básico,19.9,3.0
2024-06-01,04:01:00,24,São Paulo,SP,Cartão de Crédito,Pacote de Investimento - Básico,19.9,3.0
2024-04-19,20:18:00,40,Fortaleza,CE,Pix,Pacote de Investimento - Básico,19.9,3.0
2024-10-26,21:39:00,42,Recife,PE,Pix,Pacote de Investimento - Básico,19.9,3.0
2024-11-07,21:19:00,53,Porto Alegre,RS,Boleto,Pacote de Investimento - Básico,19.9,3.0
2024-07-08,06:24:00,50,Brasília,DF,Boleto,Pacote de Investimento - Básico,19.9,3.0
2024-02-27,19:23:00,40,Salvador,BA,Pix,Pacote de Investimento - Básico,19.9,3.0
2024-08-03,18:49:00,61,Curitiba,PR,Cartão de Crédito,Pacote de Investimento - Básico,19.9,3.0
2024-02-25,05:19:00,62,Curitiba,PR,Cartão de Crédito,Pacote de Investimento - Básico,19.9,3.0
2024-03-15,15:00:00,60,Rio de Janeiro,RJ,Pix,Pacote de Investimento - Básico,19.9,3.0
2024-05-14,04:46:00,45,Salvador,BA,Cartão de Crédito,Pacote de Investimento - Básico,19.9,3.0
2024-01-18,18:06:00,49,Belo Horizonte,MG,Pix,Pacote de Investimento - Básico,19.9,3.0
2024-03-27,22:49:00,39,São Paulo,SP,Cartão de Crédito,Pacote de Investimento - Básico,19.9,3.0
2024-02-20,22:06:00,59,Rio de Janeiro,RJ,Pix,Pacote de Investimento - Básico,19.9,3.0
2024-11-14,19:41:00,19,São Paulo,SP,Boleto,Pacote de Investimento - Básico,19.9,3.0
2024-06-12,02:49:00,65,São Paulo,SP,Pix,Pacote de Investimento - Básico,19.9,3.0
2024-03-08,17:41:00,29,Belo Horizonte,MG,Cartão de Crédito,Pacote de Investimento - Básico,19.9,3.0
2024-05-23,11:53:00,58,Salvador,BA,Cartão de Crédito,Pacote de Investimento - Básico,19.9,3.0
2024-12-05,12:42:00,29,Manaus,AM,Pix,Pacote de Investimento - Básico,19.9,3.0
2024-11-04,05:14:00,44,Rio de Janeiro,RJ,Boleto,Pacote de Investimento - Básico,19.9,3.0
2024-01-11,00:56:00,51,Salvador,BA,Pix,Pacote de Investimento - Básico,19.9,3.0
2024-06-23,02:43:00,26,Recife,PE,Cartão de Crédito,Pacote de Investimento - Básico,19.9,3.0
2024-01-12,21:46:00,40,Curitiba,PR,Cartão de Crédito,Pacote de Investimento - Básico,19.9,3.0
2024-09-14,07:40:00,65,Brasília,DF,Pix,Pacote de Investimento - Básico,19.9,3.0
2024-02-26,12:27:00,58,Salvador,BA,Cartão de Crédito,Pacote de Investimento - Básico,19.9,3.0
2024-05-11,03:42:00,59,Curitiba,PR,Cartão de Crédito,Pacote de Investimento - Básico,19.9,3.0
2024-04-09,09:12:00,36,Recife,PE,Cartão de Crédito,Pacote de Investimento - Básico,19.9,3.0
2024-01-26,10:13:00,29,Manaus,AM,Pix,Pacote de Investimento - Básico,19.9,3.0
2024-02-13,07:11:00,54,Porto Alegre,RS,Pix,Pacote de Investimento - Básico,19.9,3.0
2024-04-11,21:17:00,47,Fortaleza,CE,Pix,Pacote de Investimento - Básico,19.9,3.0
2024-09-25,03:00:00,64,Belo Horizonte,MG,Pix,Pacote de Investimento - Básico,19.9,3.0
2024-02-10,04:25:00,63,Belo Horizonte,MG,Boleto,Pacote de Investimento - Básico,19.9,3.0
2024-01-20,00:26:00,25,Rio de Janeiro,RJ,Pix,Pacote de Investimento - Básico,19.9,3.0
2024-04-10,13:20:00,24,Curitiba,PR,Boleto,Pacote de Investimento - Básico,19.9,3.0
2024-05-13,15:30:00,22,Curitiba,PR,Cartão de Crédito,Pacote de Investimento - Básico,19.9,3.0
2024-11-28,16:44:00,35,Curitiba,PR,Pix,Pacote de Investimento - Básico,19.9,3.0
2024-10-13,18:12:00,51,Curitiba,PR,Cartão de Crédito,Pacote de Investimento - Básico,19.9,3.0
2024-05-10,13:22:00,55,Rio de Janeiro,RJ,Pix,Pacote de Investimento - Básico,19.9,3.0
2024-06-17,01:56:00,62,Belo Horizonte,MG,Pix,Pacote de Investimento - Básico,19.9,3.0
2024-01-21,20:23:00,18,Porto Alegre,RS,Cartão de Crédito,Pacote de Investimento - Básico,19.9,3.0
2024-06-15,12:31:00,37,Porto Alegre,RS,Cartão de Crédito,Pacote de Investimento - Básico,19.9,3.0
2024-12-04,09:41:00,57,Manaus,AM,Cartão de Crédito,Pacote de Investimento - Básico,19.9,3.0
2024-09-04,04:33:00,57,Fortaleza,CE,Cartão de Crédito,Pacote de Investimento - Básico,19.9,3.0
2024-06-12,22:01:00,28,Curitiba,PR,Boleto,Pacote de Investimento - Básico,19.9,3.0
2024-02-13,00:02:00,44,Recife,PE,Cartão de Crédito,Pacote de Investimento - Básico,19.9,3.0
2024-04-20,04:39:00,31,Brasília,DF,Boleto,Pacote de Investimento - Básico,19.9,3.0
2024-10-09,06:42:00,48,São Paulo,SP,Pix,Pacote de Investimento - Básico,19.9,3.0
2024-07-17,09:06:00,40,Fortaleza,CE,Cartão de Crédito,Pacote de Investimento - Básico,19.9,3.0
2024-09-24,19:17:00,61,Fortaleza,CE,Pix,Pacote de Investimento - Básico,19.9,3.0
2024-07-05,14:19:00,33,Belo Horizonte,MG,Pix,Pacote de Investimento - Básico,19.9,3.0
2024-06-04,18:33:00,21,Rio de Janeiro,RJ,Boleto,Pacote de Investimento - Básico,19.9,3.0
2024-06-27,21:08:00,47,São Paulo,SP,Cartão de Crédito,Pacote de Investimento - Básico,19.9,3.0
2024-11-16,02:21:00,22,Recife,PE,Boleto,Pacote de Investimento - Básico,19.9,3.0
2024-07-19,20:00:00,26,Recife,PE,Boleto,Pacote de Investimento - Básico,19.9,3.0
2024-03-24,19:24:00,59,Manaus,AM,Pix,Pacote de Investimento - Básico,19.9,3.0
2024-04-05,13:31:00,46,Salvador,BA,Boleto,Pacote de Investimento - Básico,19.9,3.0
2024-02-19,11:36:00,59,São Paulo,SP,Pix,Pacote de Investimento - Básico,19.9,3.0
2024-01-07,07:27:00,56,Recife,PE,Pix,Pacote de Investimento - Básico,19.9,3.0
2024-04-10,06:52:00,30,Fortaleza,CE,Cartão de Crédito,Pacote de Investimento - Básico,19.9,3.0
2024-05-17,02:00:00,62,Rio de Janeiro,RJ,Cartão de Crédito,Pacote de Investimento - Básico,19.9,3.0
2024-07-22,19:02:00,50,Rio de Janeiro,RJ,Cartão de Crédito,Pacote de Investimento - Básico,19.9,3.0
2024-06-27,21:13:00,43,Salvador,BA,Pix,Pacote de Investimento - Básico,19.9,3.0
2024-01-18,06:05:00,36,Recife,PE,Boleto,Pacote de Investimento - Básico,19.9,3.0
2024-10-27,08:54:00,29,Porto Alegre,RS,Pix,Pacote de Investimento - Básico,19.9,3.0
2024-10-24,23:28:00,18,Porto Alegre,RS,Boleto,Pacote de Investimento - Básico,19.9,3.0
2024-07-11,21:31:00,23,Brasília,DF,Cartão de Crédito,Pacote de Investimento - Básico,19.9,3.0
2024-03-02,02:34:00,20,Recife,PE,Cartão de Crédito,Pacote de Investimento - Básico,19.9,3.0
2024-01-07,18:49:00,62,Manaus,AM,Pix,Pacote de Investimento - Básico,19.9,3.0
2024-05-19,22:59:00,59,Fortaleza,CE,Boleto,Pacote de Investimento - Básico,19.9,3.0
2024-01-18,03:58:00,60,São Paulo,SP,Pix,Pacote de Investimento - Básico,19.9,3.0
2024-01-20,23:55:00,42,Porto Alegre,RS,Pix,Pacote de Investimento - Básico,19.9,3.0
2024-05-27,07:32:00,21,Belo Horizonte,MG,Boleto,Pacote de Investimento - Básico,19.9,3.0
2024-02-16,15:47:00,48,Salvador,BA,Boleto,Pacote de Investimento - Básico,19.9,3.0
2024-02-25,17:18:00,62,Brasília,DF,Cartão de Crédito,Pacote de Investimento - Básico,19.9,3.0
2024-10-06,09:41:00,44,Brasília,DF,Pix,Pacote de Investimento - Básico,19.9,3.0
2024-05-25,22:55:00,39,São Paulo,SP,Boleto,Pacote de Investimento - Básico,19.9,3.0
2024-02-24,23:19:00,45,Porto Alegre,RS,Boleto,Pacote de Investimento - Básico,19.9,3.0
2024-04-16,16:41:00,59,São Paulo,SP,Cartão de Crédito,Pacote de Investimento - Básico,19.9,3.0
2024-04-23,23:23:00,23,Porto Alegre,RS,Pix,Pacote de Investimento - Básico,19.9,3.0
2024-01-02,14:35:00,65,Curitiba,PR,Pix,Pacote de Investimento - Básico,19.9,3.0
2024-10-07,22:06:00,34,Rio de Janeiro,RJ,Pix,Pacote de Investimento - Básico,19.9,3.0
2024-03-19,08:39:00,47,Manaus,AM,Cartão de Crédito,Pacote de Investimento - Básico,19.9,3.0
2024-01-15,06:43:00,42,Fortaleza,CE,Pix,Pacote de Investimento - Básico,19.9,3.0
2024-06-08,09:45:00,44,Brasília,DF,Pix,Pacote de Investimento - Básico,19.9,3.0
